order_id,customer_name,product,category,amount,city,region,order_date
1,Derek Horton,Phone,Electronics,988.49,Osaka,Kansai,2026-02-11 09:21:00
2,Patrick Peters,Headphones,Audio,1069.68,Sapporo,Hokkaido,2026-02-09 18:33:34
3,Mary Thompson,Laptop,Electronics,1428.36,Nagoya,Chubu,2026-01-25 10:42:44
4,Diane Johnson,Headphones,Audio,319.5,Osaka,Kansai,2026-02-14 15:26:36
5,Larry Nguyen,Phone,Electronics,286.52,Fukuoka,Kyushu,2026-01-25 03:07:56
6,Jacob Woodward,Phone,Electronics,1471.04,Sapporo,Hokkaido,2026-02-15 18:36:11
7,Gregory Cook,Laptop,Electronics,56.59,Fukuoka,Kyushu,2026-01-26 15:16:16
8,Robert Jones,Monitor,Electronics,603.71,Tokyo,Kanto,2026-02-14 03:16:00
9,Kimberly Anderson,Keyboard,Accessories,335.29,Fukuoka,Kyushu,2026-01-30 20:31:28
10,Elizabeth Hernandez,Phone,Electronics,1262.82,Osaka,Kansai,2026-02-11 05:34:20
11,Chris Ray,Keyboard,Accessories,1079.07,Tokyo,Kanto,2026-02-08 22:17:33
12,Ariana Chavez,Monitor,Electronics,427.16,Tokyo,Kanto,2026-01-26 09:36:15
13,William Huber MD,Headphones,Audio,1342.03,Fukuoka,Kyushu,2026-02-19 17:19:38
14,Tammy Foster,Phone,Electronics,1159.87,Osaka,Kansai,2026-02-04 04:08:24
15,Kenneth Lucas,Laptop,Electronics,507.94,Tokyo,Kanto,2026-02-10 11:57:01
16,Kevin Valentine,Keyboard,Accessories,1342.38,Osaka,Kansai,2026-02-16 01:02:16
17,Jim Glass,Monitor,Electronics,963.11,Fukuoka,Kyushu,2026-02-18 14:23:38
18,Whitney Adams,Laptop,Electronics,215.78,Tokyo,Kanto,2026-02-15 19:52:01
19,William Greene,Phone,Electronics,436.45,Nagoya,Chubu,2026-02-01 11:02:52
20,Kevin Copeland,Monitor,Electronics,879.49,Sapporo,Hokkaido,2026-02-09 22:02:04
21,Jose Clark,Phone,Electronics,1198.22,Tokyo,Kanto,2026-02-08 20:52:18
22,Gerald Johnson,Headphones,Audio,823.27,Tokyo,Kanto,2026-01-31 09:45:03
23,Amy Trevino,Phone,Electronics,1385.89,Nagoya,Chubu,2026-02-11 06:11:09
24,Molly Campbell,Headphones,Audio,665.84,Osaka,Kansai,2026-02-17 00:11:56
25,Clayton Robinson,Laptop,Electronics,389.31,Nagoya,Chubu,2026-02-08 21:53:53
26,Daniel Callahan,Phone,Electronics,1197.63,Nagoya,Chubu,2026-02-08 05:56:53
27,Richard Manning,Headphones,Audio,468.37,Sapporo,Hokkaido,2026-02-18 07:41:19
28,Dr. Christopher Clark,Laptop,Electronics,577.29,Fukuoka,Kyushu,2026-02-13 22:55:23
29,Courtney Yu,Monitor,Electronics,1391.47,Fukuoka,Kyushu,2026-01-26 15:50:12
30,Benjamin Rogers,Phone,Electronics,121.63,Osaka,Kansai,2026-01-25 22:05:03
31,Dr. Karen Rivera DDS,Monitor,Electronics,747.51,Sapporo,Hokkaido,2026-01-31 14:49:41
32,Sandra Parsons,Laptop,Electronics,411.28,Tokyo,Kanto,2026-02-02 16:43:49
33,Shannon Montgomery,Keyboard,Accessories,922.83,Tokyo,Kanto,2026-01-26 06:31:06
34,Sarah Singleton,Headphones,Audio,11.12,Tokyo,Kanto,2026-02-04 09:11:27
35,Matthew Jordan,Laptop,Electronics,1491.83,Sapporo,Hokkaido,2026-02-14 23:24:43
36,Heather Rowe,Laptop,Electronics,568.12,Nagoya,Chubu,2026-01-23 08:47:04
37,Deborah Mejia,Monitor,Electronics,484.7,Nagoya,Chubu,2026-02-17 17:12:44
38,Justin Walls,Monitor,Electronics,1252.91,Sapporo,Hokkaido,2026-01-29 21:12:42
39,Gary Hardin,Phone,Electronics,1498.73,Fukuoka,Kyushu,2026-02-08 20:25:24
40,Frank Reese,Phone,Electronics,310.32,Nagoya,Chubu,2026-01-25 08:03:11
41,Jessica Choi,Headphones,Audio,989.2,Sapporo,Hokkaido,2026-02-15 22:50:10
42,Kayla Obrien,Laptop,Electronics,1129.36,Osaka,Kansai,2026-01-25 07:55:17
43,Randy White,Monitor,Electronics,1490.03,Fukuoka,Kyushu,2026-02-16 15:12:50
44,Michelle Cruz,Laptop,Electronics,30.86,Sapporo,Hokkaido,2026-02-12 17:31:08
45,Amanda Li,Phone,Electronics,994.78,Osaka,Kansai,2026-01-28 17:06:58
46,Vanessa Deleon,Monitor,Electronics,1334.94,Nagoya,Chubu,2026-02-04 13:25:51
47,Kenneth Haynes,Laptop,Electronics,1049.1,Osaka,Kansai,2026-02-13 11:20:42
48,Jimmy Hanna,Monitor,Electronics,746.39,Tokyo,Kanto,2026-02-01 07:36:51
49,Lori Morgan,Headphones,Audio,1462.55,Tokyo,Kanto,2026-02-01 09:34:33
50,Brittany Johnson,Keyboard,Accessories,1077.57,Nagoya,Chubu,2026-02-05 21:28:09
51,Danielle Willis,Laptop,Electronics,349.08,Fukuoka,Kyushu,2026-02-02 13:20:13
52,Janet Adams,Headphones,Audio,669.21,Nagoya,Chubu,2026-01-25 21:05:35
53,Elizabeth Nguyen,Laptop,Electronics,1301.2,Nagoya,Chubu,2026-02-08 17:20:21
54,Jonathan Stafford,Headphones,Audio,1194.45,Tokyo,Kanto,2026-02-06 07:05:14
55,Aaron Lee,Monitor,Electronics,1054.73,Sapporo,Hokkaido,2026-02-16 21:11:47
56,Ricky Johnson,Phone,Electronics,1115.33,Sapporo,Hokkaido,2026-01-29 04:46:10
57,Lisa West,Headphones,Audio,275.44,Tokyo,Kanto,2026-02-02 05:42:10
58,Stephanie Roberts,Headphones,Audio,1272.94,Sapporo,Hokkaido,2026-01-27 11:24:05
59,Matthew Castillo,Monitor,Electronics,1151.35,Tokyo,Kanto,2026-01-27 02:18:14
60,Michelle Smith,Phone,Electronics,1198.5,Tokyo,Kanto,2026-02-14 17:23:07
61,Kelsey Morales,Headphones,Audio,1104.3,Nagoya,Chubu,2026-02-11 09:12:02
62,Henry Jackson,Headphones,Audio,1257.83,Osaka,Kansai,2026-02-07 13:55:30
63,Jason Garcia,Keyboard,Accessories,43.5,Fukuoka,Kyushu,2026-01-25 14:25:44
64,Dana Sanchez,Laptop,Electronics,1253.05,Tokyo,Kanto,2026-02-07 22:35:35
65,Timothy Perez,Keyboard,Accessories,513.28,Nagoya,Chubu,2026-01-27 01:31:03
66,Russell Turner,Headphones,Audio,574.16,Tokyo,Kanto,2026-02-01 11:55:49
67,William Lewis,Monitor,Electronics,435.74,Fukuoka,Kyushu,2026-02-10 02:32:52
68,Richard Hernandez,Monitor,Electronics,717.96,Nagoya,Chubu,2026-02-02 15:02:41
69,Robert Peterson,Keyboard,Accessories,1249.91,Tokyo,Kanto,2026-02-11 20:34:20
70,Lindsay Campbell,Monitor,Electronics,1097.36,Nagoya,Chubu,2026-02-14 12:25:23
71,Frederick Castillo,Monitor,Electronics,303.24,Tokyo,Kanto,2026-01-27 05:21:13
72,Bradley Thomas,Monitor,Electronics,806.45,Fukuoka,Kyushu,2026-01-27 05:50:28
73,Patricia Stephens,Headphones,Audio,1269.39,Tokyo,Kanto,2026-02-05 23:40:40
74,Gina Hughes,Phone,Electronics,709.33,Nagoya,Chubu,2026-02-15 08:24:51
75,Christina Stephens,Phone,Electronics,17.2,Sapporo,Hokkaido,2026-01-26 21:35:34
76,Victor Ellis,Keyboard,Accessories,1418.33,Tokyo,Kanto,2026-01-25 03:42:24
77,Vernon Smith,Headphones,Audio,1394.07,Fukuoka,Kyushu,2026-02-02 20:17:57
78,Joseph Mason,Headphones,Audio,25.78,Tokyo,Kanto,2026-02-09 07:38:37
79,Michelle Weber,Phone,Electronics,632.06,Osaka,Kansai,2026-02-08 13:01:28
80,Paula Mueller,Monitor,Electronics,373.64,Sapporo,Hokkaido,2026-02-14 09:29:39
81,Heather Jones,Keyboard,Accessories,151.4,Osaka,Kansai,2026-02-03 21:26:38
82,Christopher Roach,Laptop,Electronics,380.84,Tokyo,Kanto,2026-02-01 04:38:17
83,Jean Nguyen,Laptop,Electronics,67.07,Nagoya,Chubu,2026-02-16 11:27:41
84,Lisa Taylor,Laptop,Electronics,985.23,Nagoya,Chubu,2026-02-12 12:49:37
85,Jackson Snyder,Headphones,Audio,1216.54,Fukuoka,Kyushu,2026-02-05 09:22:55
86,Larry Johnson,Monitor,Electronics,235.95,Nagoya,Chubu,2026-02-18 15:18:53
87,Roy Miller,Laptop,Electronics,1277.01,Fukuoka,Kyushu,2026-01-27 07:20:55
88,Stacy Moore,Keyboard,Accessories,1225.35,Nagoya,Chubu,2026-02-20 18:47:41
89,Scott Sawyer,Phone,Electronics,903.0,Sapporo,Hokkaido,2026-02-18 02:54:39
90,Miss Michelle Mcguire,Monitor,Electronics,683.45,Osaka,Kansai,2026-01-28 18:25:55
91,Jesse Allison,Keyboard,Accessories,813.71,Sapporo,Hokkaido,2026-02-02 07:56:32
92,Christine Lee,Keyboard,Accessories,109.89,Fukuoka,Kyushu,2026-02-06 18:46:28
93,Erika Valenzuela DDS,Phone,Electronics,984.15,Fukuoka,Kyushu,2026-01-24 19:46:41
94,Matthew Proctor,Phone,Electronics,1104.56,Fukuoka,Kyushu,2026-01-26 00:55:27
95,Zachary Barker,Monitor,Electronics,690.64,Sapporo,Hokkaido,2026-02-07 14:11:43
96,Alison Porter,Monitor,Electronics,722.16,Tokyo,Kanto,2026-01-26 15:26:05
97,Rodney Nichols,Monitor,Electronics,628.05,Fukuoka,Kyushu,2026-01-28 11:05:00
98,Katie Martin,Keyboard,Accessories,224.99,Sapporo,Hokkaido,2026-02-20 13:07:23
99,William Reed,Laptop,Electronics,1316.37,Osaka,Kansai,2026-02-13 23:33:39
100,Curtis Murray,Monitor,Electronics,1237.36,Sapporo,Hokkaido,2026-02-20 22:41:19
101,Raymond Lewis,Headphones,Audio,1096.35,Osaka,Kansai,2026-02-14 11:13:48
102,David Gates,Monitor,Electronics,821.48,Nagoya,Chubu,2026-02-12 12:51:06
103,Wendy Jones,Laptop,Electronics,964.37,Sapporo,Hokkaido,2026-02-03 09:16:51
104,Jennifer Brown,Phone,Electronics,85.05,Fukuoka,Kyushu,2026-02-16 19:39:54
105,April Leon,Phone,Electronics,1133.91,Fukuoka,Kyushu,2026-01-23 16:21:54
106,Taylor Walker,Laptop,Electronics,541.79,Tokyo,Kanto,2026-02-14 07:01:22
107,Bradley Tucker,Keyboard,Accessories,1212.88,Osaka,Kansai,2026-02-01 16:52:20
108,Jo Hall,Monitor,Electronics,284.32,Fukuoka,Kyushu,2026-02-16 18:44:01
109,Cynthia Fisher,Headphones,Audio,12.91,Sapporo,Hokkaido,2026-01-31 05:24:53
110,Jonathan Jones,Monitor,Electronics,1322.67,Osaka,Kansai,2026-02-12 19:26:48
111,Joshua Wilcox,Headphones,Audio,903.39,Tokyo,Kanto,2026-01-28 05:29:41
112,Erika Green,Headphones,Audio,1124.84,Sapporo,Hokkaido,2026-02-11 16:04:11
113,Joshua Garcia,Phone,Electronics,1431.93,Fukuoka,Kyushu,2026-01-30 16:59:52
114,Mr. Shawn Wilcox,Laptop,Electronics,508.97,Fukuoka,Kyushu,2026-02-17 18:42:15
115,Diane Barton,Keyboard,Accessories,362.84,Osaka,Kansai,2026-01-25 02:49:42
116,Steven Dunlap,Headphones,Audio,597.35,Nagoya,Chubu,2026-01-30 04:58:03
117,Patricia Clark,Phone,Electronics,1098.39,Tokyo,Kanto,2026-02-18 01:25:07
118,Stephanie Weber,Headphones,Audio,511.17,Tokyo,Kanto,2026-02-17 23:22:16
119,Thomas Miranda,Headphones,Audio,68.14,Fukuoka,Kyushu,2026-02-01 14:15:02
120,Martin Mitchell,Headphones,Audio,1027.74,Fukuoka,Kyushu,2026-01-29 22:10:07
121,Wesley Moore,Headphones,Audio,1400.77,Nagoya,Chubu,2026-02-07 02:39:52
122,Troy Hall,Phone,Electronics,1151.11,Tokyo,Kanto,2026-02-10 00:56:47
123,Jeffrey Walker,Laptop,Electronics,1430.51,Sapporo,Hokkaido,2026-02-11 18:16:24
124,Kelly Medina,Keyboard,Accessories,850.66,Fukuoka,Kyushu,2026-01-30 07:52:17
125,Alexandra Diaz,Phone,Electronics,198.38,Sapporo,Hokkaido,2026-02-18 16:55:22
126,Elizabeth Evans,Phone,Electronics,1032.26,Fukuoka,Kyushu,2026-02-21 11:55:47
127,Christine Sutton,Phone,Electronics,1099.48,Sapporo,Hokkaido,2026-02-11 22:08:18
128,Joseph Larsen,Headphones,Audio,564.56,Nagoya,Chubu,2026-02-19 02:58:24
129,Ryan Scott,Phone,Electronics,1227.66,Tokyo,Kanto,2026-01-23 02:52:01
130,Miss Carolyn Powell,Phone,Electronics,580.74,Tokyo,Kanto,2026-02-01 17:14:13
131,Richard Ramirez,Monitor,Electronics,60.77,Osaka,Kansai,2026-02-06 04:11:54
132,Daniel Rogers,Keyboard,Accessories,516.4,Nagoya,Chubu,2026-01-26 14:58:36
133,Michael Rodriguez,Keyboard,Accessories,900.87,Tokyo,Kanto,2026-01-31 09:02:17
134,Chase Mendoza,Monitor,Electronics,1484.65,Sapporo,Hokkaido,2026-01-29 02:47:58
135,Amanda Nguyen,Monitor,Electronics,1124.34,Nagoya,Chubu,2026-01-26 11:54:40
136,Kimberly Williams,Keyboard,Accessories,374.46,Tokyo,Kanto,2026-02-05 21:53:17
137,Marco Santos,Monitor,Electronics,1064.82,Sapporo,Hokkaido,2026-02-06 06:39:22
138,William Everett,Keyboard,Accessories,1346.26,Tokyo,Kanto,2026-02-19 08:02:12
139,John Reyes,Monitor,Electronics,99.82,Sapporo,Hokkaido,2026-02-12 12:55:13
140,Debra Espinoza,Headphones,Audio,170.86,Tokyo,Kanto,2026-01-31 20:15:29
141,Kristy Wilkins,Headphones,Audio,1435.61,Nagoya,Chubu,2026-01-26 04:08:33
142,Dominic Rogers,Laptop,Electronics,393.18,Nagoya,Chubu,2026-02-19 17:09:38
143,Wesley Romero,Monitor,Electronics,365.04,Tokyo,Kanto,2026-02-19 17:36:48
144,Billy Garcia,Headphones,Audio,571.16,Tokyo,Kanto,2026-02-18 07:45:57
145,Kimberly Smith,Phone,Electronics,645.27,Osaka,Kansai,2026-02-05 15:39:47
146,Kenneth Lee,Headphones,Audio,758.34,Fukuoka,Kyushu,2026-01-25 21:24:17
147,Amanda Anderson,Phone,Electronics,1023.37,Tokyo,Kanto,2026-02-21 04:50:46
148,Lindsay Peters,Laptop,Electronics,370.82,Nagoya,Chubu,2026-02-14 01:45:26
149,Donna Fisher,Keyboard,Accessories,859.23,Sapporo,Hokkaido,2026-02-10 15:50:56
150,Katelyn Steele,Keyboard,Accessories,1379.02,Fukuoka,Kyushu,2026-01-27 06:40:02
151,Jill Henderson,Phone,Electronics,778.24,Nagoya,Chubu,2026-02-10 21:00:20
152,Tyler Daniels,Laptop,Electronics,684.7,Tokyo,Kanto,2026-02-12 02:15:00
153,Tiffany Henry,Laptop,Electronics,902.24,Tokyo,Kanto,2026-02-20 09:40:43
154,Jeffrey Hanna,Laptop,Electronics,332.86,Fukuoka,Kyushu,2026-02-12 05:55:12
155,Haley Cruz,Monitor,Electronics,507.5,Nagoya,Chubu,2026-02-11 06:35:25
156,Gina Collier,Keyboard,Accessories,1029.27,Fukuoka,Kyushu,2026-02-19 09:19:33
157,Timothy Griffith,Laptop,Electronics,770.64,Nagoya,Chubu,2026-02-09 14:17:51
158,Mary Schroeder,Monitor,Electronics,799.95,Nagoya,Chubu,2026-02-09 21:54:23
159,Rachel Lopez,Monitor,Electronics,279.41,Osaka,Kansai,2026-02-18 11:32:58
160,Christopher Massey,Phone,Electronics,51.89,Osaka,Kansai,2026-01-27 05:18:41
161,John Stewart,Headphones,Audio,606.45,Nagoya,Chubu,2026-02-06 19:23:58
162,Meagan Pugh,Keyboard,Accessories,1185.39,Tokyo,Kanto,2026-01-27 01:25:35
163,Melissa Ryan,Headphones,Audio,808.78,Nagoya,Chubu,2026-02-05 13:42:10
164,Charles Small,Keyboard,Accessories,179.67,Sapporo,Hokkaido,2026-02-05 18:39:47
165,Nicholas Williams,Keyboard,Accessories,1378.43,Tokyo,Kanto,2026-02-17 04:31:57
166,Tonya Miller,Laptop,Electronics,1326.44,Fukuoka,Kyushu,2026-02-18 14:34:54
167,Bruce Thompson,Headphones,Audio,1163.63,Tokyo,Kanto,2026-01-30 20:12:26
168,Lori Sanchez,Laptop,Electronics,1070.43,Sapporo,Hokkaido,2026-01-28 18:10:30
169,Jaime Scott,Keyboard,Accessories,545.28,Sapporo,Hokkaido,2026-02-17 03:28:55
170,Katrina Guerrero,Phone,Electronics,1207.06,Tokyo,Kanto,2026-01-24 14:34:07
171,Jimmy Haynes,Monitor,Electronics,1358.93,Sapporo,Hokkaido,2026-02-01 12:11:56
172,Michele Williams,Phone,Electronics,968.68,Osaka,Kansai,2026-01-29 06:10:04
173,Paige Gomez,Laptop,Electronics,103.34,Osaka,Kansai,2026-01-28 03:18:42
174,Jennifer Mckenzie,Laptop,Electronics,713.43,Sapporo,Hokkaido,2026-02-02 15:01:46
175,Tiffany Chan,Monitor,Electronics,636.96,Tokyo,Kanto,2026-01-24 15:59:16
176,Robert Melton,Phone,Electronics,1139.62,Nagoya,Chubu,2026-02-14 01:29:26
177,George Jordan,Phone,Electronics,1442.75,Nagoya,Chubu,2026-02-15 17:18:02
178,Katherine Winters,Laptop,Electronics,279.26,Nagoya,Chubu,2026-02-06 20:40:06
179,Amber Johnson,Laptop,Electronics,1482.22,Tokyo,Kanto,2026-02-04 05:53:32
180,Ashley Zimmerman,Headphones,Audio,1181.47,Nagoya,Chubu,2026-01-25 04:29:14
181,Herbert Sherman,Keyboard,Accessories,871.84,Sapporo,Hokkaido,2026-02-18 02:51:55
182,Olivia Cole,Keyboard,Accessories,366.14,Osaka,Kansai,2026-01-30 19:10:37
183,Beth Parks,Monitor,Electronics,1074.11,Tokyo,Kanto,2026-01-27 14:51:19
184,John Romero,Laptop,Electronics,272.32,Tokyo,Kanto,2026-01-25 18:59:11
185,Terry Erickson,Phone,Electronics,431.8,Tokyo,Kanto,2026-02-03 09:27:08
186,Ann Bates,Headphones,Audio,123.24,Osaka,Kansai,2026-02-10 07:05:14
187,Robert Patton,Laptop,Electronics,310.88,Sapporo,Hokkaido,2026-02-11 16:17:13
188,Paige Johnson,Phone,Electronics,285.24,Fukuoka,Kyushu,2026-02-07 01:22:16
189,James Wilkinson,Headphones,Audio,85.71,Osaka,Kansai,2026-01-26 06:49:06
190,Melissa Norman,Headphones,Audio,1032.94,Fukuoka,Kyushu,2026-02-05 14:33:37
191,Erin Macias,Monitor,Electronics,1184.87,Osaka,Kansai,2026-02-14 14:30:35
192,Andrea Stark,Phone,Electronics,1026.01,Osaka,Kansai,2026-01-28 01:17:12
193,Alexander Fields,Monitor,Electronics,273.42,Osaka,Kansai,2026-01-25 04:04:56
194,Joshua Martin,Phone,Electronics,311.84,Sapporo,Hokkaido,2026-02-05 21:45:01
195,Mark Adams,Laptop,Electronics,848.13,Nagoya,Chubu,2026-02-09 21:00:41
196,Rhonda Thomas,Laptop,Electronics,1441.97,Sapporo,Hokkaido,2026-02-01 05:10:13
197,Jonathan Roberson,Headphones,Audio,1474.95,Nagoya,Chubu,2026-02-08 11:08:40
198,Alan Hammond,Monitor,Electronics,139.43,Nagoya,Chubu,2026-01-28 03:13:36
199,Tina Green,Keyboard,Accessories,863.9,Sapporo,Hokkaido,2026-01-26 14:32:34
200,Chloe Fry,Laptop,Electronics,1298.55,Tokyo,Kanto,2026-01-24 13:08:21
201,Abigail Montgomery,Phone,Electronics,859.47,Osaka,Kansai,2026-02-17 21:07:02
202,Felicia Castro,Laptop,Electronics,533.7,Osaka,Kansai,2026-02-10 11:41:52
203,Mark Walton,Phone,Electronics,535.81,Fukuoka,Kyushu,2026-02-09 15:17:15
204,Samuel Smith,Headphones,Audio,55.19,Fukuoka,Kyushu,2026-02-15 20:32:23
205,Matthew Nguyen DDS,Laptop,Electronics,1232.45,Tokyo,Kanto,2026-01-26 17:53:59
206,Christopher Grant,Keyboard,Accessories,1093.77,Fukuoka,Kyushu,2026-02-14 08:15:44
207,Mrs. Julie Walker,Phone,Electronics,73.5,Tokyo,Kanto,2026-02-06 13:07:02
208,Alexandra Gutierrez,Headphones,Audio,31.96,Osaka,Kansai,2026-01-29 03:23:21
209,Ms. Kari Roberts,Monitor,Electronics,1286.08,Fukuoka,Kyushu,2026-02-03 17:07:31
210,Victor Bailey,Monitor,Electronics,769.53,Fukuoka,Kyushu,2026-02-17 22:57:24
211,Joshua Aguilar,Phone,Electronics,143.01,Tokyo,Kanto,2026-02-03 20:54:58
212,Christopher Peterson,Phone,Electronics,1239.32,Fukuoka,Kyushu,2026-01-30 00:43:21
213,Elizabeth Mcdonald,Monitor,Electronics,33.1,Nagoya,Chubu,2026-01-24 23:20:26
214,Daniel Nelson,Laptop,Electronics,1229.94,Tokyo,Kanto,2026-01-25 05:51:44
215,William May,Phone,Electronics,622.34,Osaka,Kansai,2026-01-28 00:32:03
216,Diana Alexander,Headphones,Audio,546.07,Osaka,Kansai,2026-01-23 19:37:08
217,Kurt Dodson,Headphones,Audio,1421.17,Fukuoka,Kyushu,2026-02-16 08:46:11
218,Benjamin Hernandez,Laptop,Electronics,1469.99,Fukuoka,Kyushu,2026-01-31 21:14:10
219,Yolanda Franco,Phone,Electronics,1025.08,Tokyo,Kanto,2026-01-30 17:48:34
220,Martin Wilson,Phone,Electronics,862.9,Nagoya,Chubu,2026-01-30 23:42:13
221,Patrick Haley,Monitor,Electronics,35.62,Tokyo,Kanto,2026-02-18 15:29:05
222,Stephanie Stevenson,Headphones,Audio,1060.65,Sapporo,Hokkaido,2026-02-04 23:50:20
223,Jason Thomas,Headphones,Audio,412.17,Sapporo,Hokkaido,2026-01-24 19:16:00
224,Samantha David DVM,Monitor,Electronics,1177.77,Osaka,Kansai,2026-02-14 22:42:09
225,Joshua Barnes,Keyboard,Accessories,813.77,Fukuoka,Kyushu,2026-01-25 20:43:48
226,Brandon Oneill,Phone,Electronics,1447.5,Fukuoka,Kyushu,2026-02-17 06:05:52
227,Daryl Lopez,Headphones,Audio,665.17,Sapporo,Hokkaido,2026-02-10 11:46:43
228,Cynthia Kennedy,Phone,Electronics,869.78,Tokyo,Kanto,2026-02-18 20:52:55
229,Krista Mills,Phone,Electronics,1426.6,Tokyo,Kanto,2026-01-22 16:44:51
230,Elizabeth Reed,Phone,Electronics,264.85,Fukuoka,Kyushu,2026-02-03 22:04:36
231,Robert Cardenas,Headphones,Audio,1496.32,Fukuoka,Kyushu,2026-02-03 21:22:06
232,Vanessa Lucero,Monitor,Electronics,1459.42,Sapporo,Hokkaido,2026-01-26 02:43:11
233,Cheryl Hart,Monitor,Electronics,893.9,Fukuoka,Kyushu,2026-02-10 08:52:51
234,Jonathan Jensen,Phone,Electronics,1355.07,Fukuoka,Kyushu,2026-01-23 07:10:40
235,Courtney Curry,Headphones,Audio,1436.15,Nagoya,Chubu,2026-01-29 20:33:51
236,Charles Wilson,Monitor,Electronics,557.78,Osaka,Kansai,2026-02-11 09:53:45
237,Jesse Smith,Phone,Electronics,526.34,Nagoya,Chubu,2026-02-13 08:14:07
238,Crystal Harrison,Laptop,Electronics,101.15,Sapporo,Hokkaido,2026-02-20 08:40:46
239,Nancy Strong,Phone,Electronics,1314.43,Nagoya,Chubu,2026-02-16 22:15:58
240,Tanya Perez,Phone,Electronics,453.08,Tokyo,Kanto,2026-01-26 03:02:17
241,Steven Lyons,Headphones,Audio,343.15,Nagoya,Chubu,2026-02-18 08:55:39
242,Leonard Brewer,Keyboard,Accessories,773.87,Osaka,Kansai,2026-02-19 21:15:24
243,Debra Woodward,Headphones,Audio,880.03,Osaka,Kansai,2026-02-20 19:47:46
244,Jason Hogan,Keyboard,Accessories,916.81,Osaka,Kansai,2026-02-15 10:08:01
245,Kristin Martin,Phone,Electronics,1486.4,Nagoya,Chubu,2026-02-06 15:05:22
246,James Rios,Keyboard,Accessories,1150.83,Sapporo,Hokkaido,2026-02-14 01:20:51
247,Shawn Brown,Laptop,Electronics,952.83,Fukuoka,Kyushu,2026-02-20 21:49:43
248,Eric Blair,Laptop,Electronics,617.86,Tokyo,Kanto,2026-01-25 20:53:48
249,Courtney Saunders,Laptop,Electronics,868.06,Osaka,Kansai,2026-01-25 22:17:26
250,Samantha Marks,Keyboard,Accessories,1324.45,Fukuoka,Kyushu,2026-01-23 06:26:52
251,Michael Bush DDS,Phone,Electronics,722.3,Fukuoka,Kyushu,2026-02-10 16:45:52
252,Christopher Zamora,Monitor,Electronics,467.04,Fukuoka,Kyushu,2026-01-25 06:23:28
253,Brandon Gibson,Phone,Electronics,908.34,Fukuoka,Kyushu,2026-02-12 04:01:24
254,Caitlyn Thompson,Monitor,Electronics,1484.01,Fukuoka,Kyushu,2026-02-01 22:14:10
255,Javier Rose,Monitor,Electronics,122.82,Sapporo,Hokkaido,2026-01-25 17:55:09
256,Sheila Davis,Headphones,Audio,546.41,Osaka,Kansai,2026-02-21 04:13:55
257,Roy Miller,Monitor,Electronics,529.83,Nagoya,Chubu,2026-01-26 21:20:21
258,Joann Thomas,Laptop,Electronics,88.18,Fukuoka,Kyushu,2026-02-07 20:51:03
259,Arthur Frank,Laptop,Electronics,1040.89,Tokyo,Kanto,2026-01-30 02:51:19
260,Tamara Ford,Keyboard,Accessories,597.12,Nagoya,Chubu,2026-02-16 15:05:16
261,Alexander Rivers,Monitor,Electronics,1032.91,Sapporo,Hokkaido,2026-02-03 13:24:09
262,John Petersen,Headphones,Audio,898.08,Osaka,Kansai,2026-02-11 03:26:13
263,Brenda Fowler,Phone,Electronics,1100.7,Fukuoka,Kyushu,2026-01-31 15:27:49
264,Ethan Anderson,Laptop,Electronics,1351.27,Tokyo,Kanto,2026-02-02 14:33:36
265,Courtney Wilson,Keyboard,Accessories,926.63,Tokyo,Kanto,2026-02-13 01:30:44
266,Patrick Weiss MD,Keyboard,Accessories,1167.96,Sapporo,Hokkaido,2026-01-24 12:19:42
267,Melinda Dunlap,Phone,Electronics,801.96,Fukuoka,Kyushu,2026-02-15 11:51:39
268,Amanda Chandler,Keyboard,Accessories,1181.11,Tokyo,Kanto,2026-02-16 20:47:59
269,Meredith Anderson,Headphones,Audio,1200.85,Fukuoka,Kyushu,2026-02-04 19:35:14
270,Kevin Buck,Keyboard,Accessories,1051.55,Fukuoka,Kyushu,2026-01-25 14:48:36
271,Julie Gomez MD,Monitor,Electronics,563.24,Tokyo,Kanto,2026-02-03 07:37:35
272,Stephanie Boyd,Phone,Electronics,1011.79,Osaka,Kansai,2026-02-03 11:19:34
273,Richard Thomas,Monitor,Electronics,1426.86,Nagoya,Chubu,2026-01-27 20:20:41
274,Dr. Elizabeth Flores,Headphones,Audio,1202.87,Tokyo,Kanto,2026-02-01 13:47:41
275,Eric Hunter,Laptop,Electronics,89.85,Sapporo,Hokkaido,2026-01-23 22:21:30
276,Kimberly Robles,Phone,Electronics,564.97,Sapporo,Hokkaido,2026-02-19 00:15:40
277,Sierra Gutierrez,Headphones,Audio,411.64,Fukuoka,Kyushu,2026-02-18 10:42:49
278,James Cameron,Keyboard,Accessories,189.85,Tokyo,Kanto,2026-01-23 05:24:34
279,Gwendolyn Bird,Keyboard,Accessories,671.22,Tokyo,Kanto,2026-02-03 12:12:48
280,Daniel Watson,Laptop,Electronics,764.91,Osaka,Kansai,2026-02-13 18:53:48
281,Amanda Mills,Keyboard,Accessories,1058.19,Osaka,Kansai,2026-02-14 05:40:25
282,Caitlin Garcia,Phone,Electronics,417.6,Tokyo,Kanto,2026-02-20 06:31:59
283,Natalie Valencia,Phone,Electronics,1028.07,Osaka,Kansai,2026-02-07 21:39:21
284,Matthew Burch,Laptop,Electronics,956.53,Fukuoka,Kyushu,2026-02-01 00:38:39
285,Andrew Kline,Headphones,Audio,1395.67,Sapporo,Hokkaido,2026-02-14 21:11:28
286,David Schwartz DDS,Laptop,Electronics,140.98,Osaka,Kansai,2026-01-22 12:18:02
287,Daniel Spencer,Keyboard,Accessories,229.15,Sapporo,Hokkaido,2026-02-15 20:25:50
288,Susan Bryant,Phone,Electronics,237.19,Fukuoka,Kyushu,2026-02-17 22:51:51
289,Jeremiah Johnson,Phone,Electronics,1159.79,Fukuoka,Kyushu,2026-02-04 10:19:14
290,Alan Stanley,Phone,Electronics,1096.44,Sapporo,Hokkaido,2026-02-21 07:58:17
291,Elizabeth Freeman,Headphones,Audio,692.74,Sapporo,Hokkaido,2026-02-17 19:03:50
292,Brian King,Laptop,Electronics,1433.3,Nagoya,Chubu,2026-01-26 13:09:57
293,Brooke Savage,Headphones,Audio,526.06,Osaka,Kansai,2026-01-23 21:47:33
294,Anthony Mccall,Laptop,Electronics,725.99,Fukuoka,Kyushu,2026-01-24 04:00:00
295,Jimmy Lynch,Keyboard,Accessories,520.76,Fukuoka,Kyushu,2026-01-28 06:04:09
296,Andrew Gutierrez,Monitor,Electronics,489.84,Osaka,Kansai,2026-02-15 05:43:33
297,Sabrina Young,Monitor,Electronics,552.17,Osaka,Kansai,2026-01-27 15:59:48
298,Mr. Sean Fox,Laptop,Electronics,189.24,Sapporo,Hokkaido,2026-02-02 12:08:31
299,Daniel Gilbert,Laptop,Electronics,475.1,Nagoya,Chubu,2026-02-02 14:59:15
300,Christine Baker,Headphones,Audio,1210.56,Sapporo,Hokkaido,2026-02-09 15:44:25
301,Kenneth Andrews,Phone,Electronics,698.91,Fukuoka,Kyushu,2026-01-24 11:32:24
302,Kevin Gallagher,Laptop,Electronics,498.48,Fukuoka,Kyushu,2026-02-08 22:21:54
303,Diana Williams,Monitor,Electronics,1428.21,Tokyo,Kanto,2026-02-19 19:57:14
304,Dana White,Keyboard,Accessories,1453.31,Nagoya,Chubu,2026-02-14 10:33:15
305,Mark Cruz,Phone,Electronics,824.48,Tokyo,Kanto,2026-02-09 19:46:14
306,Heather Hess,Keyboard,Accessories,237.63,Osaka,Kansai,2026-02-21 06:07:22
307,Andrew Williams,Monitor,Electronics,1028.28,Sapporo,Hokkaido,2026-01-28 01:28:53
308,Candice Nelson,Monitor,Electronics,1492.11,Osaka,Kansai,2026-02-04 21:16:50
309,Leah Mccarthy,Laptop,Electronics,434.62,Sapporo,Hokkaido,2026-02-07 22:22:48
310,Denise Morales,Headphones,Audio,619.71,Osaka,Kansai,2026-02-20 10:03:34
311,Kathleen Peters,Monitor,Electronics,1343.49,Sapporo,Hokkaido,2026-02-06 12:41:53
312,Michelle Griffin,Monitor,Electronics,872.04,Fukuoka,Kyushu,2026-02-19 21:12:12
313,Jennifer Flores,Phone,Electronics,1334.83,Nagoya,Chubu,2026-01-26 02:44:26
314,Christopher Duffy,Keyboard,Accessories,1212.93,Osaka,Kansai,2026-02-14 20:38:44
315,Lauren Ramirez,Headphones,Audio,1153.04,Sapporo,Hokkaido,2026-02-02 15:01:59
316,James Gibbs,Phone,Electronics,855.82,Fukuoka,Kyushu,2026-01-23 23:33:11
317,Jessica Rodriguez,Laptop,Electronics,1369.02,Nagoya,Chubu,2026-02-05 18:07:49
318,Mary Brewer,Keyboard,Accessories,1236.14,Nagoya,Chubu,2026-02-10 04:33:58
319,Carl Chung,Phone,Electronics,118.02,Nagoya,Chubu,2026-02-07 01:02:42
320,Tyler Fuller,Headphones,Audio,425.13,Fukuoka,Kyushu,2026-01-25 03:00:12
321,Jamie Powell,Monitor,Electronics,1302.91,Fukuoka,Kyushu,2026-02-08 01:39:13
322,Gary Nicholson,Monitor,Electronics,961.28,Sapporo,Hokkaido,2026-02-17 15:07:27
323,Karen Holland,Headphones,Audio,546.82,Tokyo,Kanto,2026-02-16 03:44:34
324,Ricky Franklin,Headphones,Audio,953.99,Fukuoka,Kyushu,2026-02-08 16:46:57
325,Lindsey Turner,Monitor,Electronics,534.48,Osaka,Kansai,2026-02-15 03:56:13
326,Katie Watts,Monitor,Electronics,284.33,Osaka,Kansai,2026-01-24 00:03:45
327,Howard Tran,Laptop,Electronics,1373.07,Osaka,Kansai,2026-02-11 19:28:21
328,Tyler Wade,Laptop,Electronics,101.31,Tokyo,Kanto,2026-01-23 00:14:10
329,Christina Rivera,Keyboard,Accessories,1425.32,Tokyo,Kanto,2026-02-04 03:35:06
330,Aaron Moore,Headphones,Audio,169.79,Tokyo,Kanto,2026-01-25 13:04:57
331,Ashley Santiago,Headphones,Audio,559.89,Nagoya,Chubu,2026-02-21 10:26:03
332,Dominic Thomas,Keyboard,Accessories,571.09,Nagoya,Chubu,2026-01-26 08:15:59
333,Carrie Johnson,Phone,Electronics,1170.41,Sapporo,Hokkaido,2026-01-29 05:15:08
334,Katherine Morris,Headphones,Audio,719.34,Fukuoka,Kyushu,2026-02-15 03:43:54
335,Stacy Nelson,Phone,Electronics,928.58,Tokyo,Kanto,2026-02-01 07:48:55
336,Valerie Barnes,Laptop,Electronics,1171.53,Osaka,Kansai,2026-02-11 11:09:15
337,Nathaniel Evans,Headphones,Audio,122.04,Tokyo,Kanto,2026-01-24 01:12:23
338,Katie Mann,Keyboard,Accessories,340.48,Tokyo,Kanto,2026-02-04 04:56:42
339,Marcus Simpson,Keyboard,Accessories,1156.76,Fukuoka,Kyushu,2026-02-09 03:46:39
340,Vincent Khan,Keyboard,Accessories,183.62,Fukuoka,Kyushu,2026-02-09 23:14:40
341,Mrs. Tonya Davidson MD,Headphones,Audio,230.7,Fukuoka,Kyushu,2026-01-31 22:31:30
342,Kimberly Gonzalez,Laptop,Electronics,1022.34,Nagoya,Chubu,2026-02-18 12:07:47
343,Daniel Davenport,Keyboard,Accessories,274.2,Fukuoka,Kyushu,2026-02-01 06:44:33
344,Victor Chang,Headphones,Audio,876.84,Nagoya,Chubu,2026-01-28 08:19:42
345,James Edwards,Laptop,Electronics,958.23,Fukuoka,Kyushu,2026-01-22 23:33:35
346,Gregory Greene MD,Keyboard,Accessories,107.09,Sapporo,Hokkaido,2026-01-26 00:20:58
347,Janice Tucker,Phone,Electronics,903.85,Nagoya,Chubu,2026-02-11 06:00:27
348,Jessica Fuentes,Monitor,Electronics,1053.3,Fukuoka,Kyushu,2026-02-15 13:53:56
349,Todd Clark,Monitor,Electronics,943.03,Fukuoka,Kyushu,2026-02-05 16:32:04
350,Thomas Mclean,Phone,Electronics,740.33,Fukuoka,Kyushu,2026-01-25 11:36:09
351,Brian Barnett,Phone,Electronics,1297.69,Tokyo,Kanto,2026-02-21 06:39:48
352,William Donaldson,Headphones,Audio,75.72,Tokyo,Kanto,2026-02-03 14:18:22
353,Sheila David,Laptop,Electronics,1294.73,Fukuoka,Kyushu,2026-02-01 03:18:20
354,James Chen,Laptop,Electronics,975.83,Sapporo,Hokkaido,2026-02-01 16:46:04
355,Megan Whitaker,Headphones,Audio,157.2,Nagoya,Chubu,2026-02-11 05:10:48
356,Kristina Thomas,Laptop,Electronics,246.11,Tokyo,Kanto,2026-02-02 07:33:27
357,Dana Fox,Monitor,Electronics,1289.72,Tokyo,Kanto,2026-01-30 15:17:18
358,Julie Thomas,Laptop,Electronics,184.7,Fukuoka,Kyushu,2026-01-22 20:48:36
359,Ian James,Phone,Electronics,1149.48,Tokyo,Kanto,2026-02-05 17:14:14
360,Heather Kelly MD,Keyboard,Accessories,311.79,Tokyo,Kanto,2026-02-13 15:54:21
361,Ryan Campbell,Monitor,Electronics,517.34,Nagoya,Chubu,2026-01-26 06:01:13
362,Jaime Huerta,Laptop,Electronics,479.13,Tokyo,Kanto,2026-02-11 23:30:37
363,Benjamin Brown,Monitor,Electronics,909.77,Nagoya,Chubu,2026-01-23 19:33:17
364,Ryan Perry,Monitor,Electronics,1165.77,Tokyo,Kanto,2026-02-09 02:38:12
365,Thomas Snyder,Headphones,Audio,258.99,Fukuoka,Kyushu,2026-02-04 10:25:04
366,Elizabeth Miller,Headphones,Audio,21.89,Fukuoka,Kyushu,2026-01-29 15:00:14
367,Juan Moore DDS,Monitor,Electronics,1097.75,Fukuoka,Kyushu,2026-02-02 19:08:53
368,Jose Walker,Laptop,Electronics,568.5,Tokyo,Kanto,2026-02-09 17:49:35
369,Kevin Bond,Monitor,Electronics,456.19,Sapporo,Hokkaido,2026-02-20 12:55:02
370,Olivia Hughes DVM,Headphones,Audio,912.18,Osaka,Kansai,2026-02-08 05:03:26
371,John May,Monitor,Electronics,1190.97,Osaka,Kansai,2026-02-08 05:20:38
372,Scott Thompson,Laptop,Electronics,556.66,Osaka,Kansai,2026-02-20 20:29:25
373,Rachel Rich,Headphones,Audio,673.77,Osaka,Kansai,2026-01-22 13:26:49
374,Jessica Knox,Phone,Electronics,462.16,Osaka,Kansai,2026-02-06 07:52:36
375,Courtney Aguilar,Monitor,Electronics,1240.96,Nagoya,Chubu,2026-02-20 02:03:44
376,Daniel Yates,Laptop,Electronics,454.96,Sapporo,Hokkaido,2026-01-23 17:57:54
377,Robert Hall,Headphones,Audio,878.53,Tokyo,Kanto,2026-02-12 06:28:34
378,Dr. Tricia Phillips,Laptop,Electronics,1089.1,Tokyo,Kanto,2026-02-10 14:53:22
379,Kristin Ayala,Laptop,Electronics,1289.87,Osaka,Kansai,2026-01-28 01:22:54
380,Andrea Young,Phone,Electronics,1328.92,Sapporo,Hokkaido,2026-02-12 03:15:19
381,Marvin Reed,Keyboard,Accessories,1065.24,Osaka,Kansai,2026-02-01 03:47:40
382,Donald Oconnor DDS,Monitor,Electronics,1131.46,Sapporo,Hokkaido,2026-02-11 05:40:19
383,John Sullivan,Monitor,Electronics,510.68,Nagoya,Chubu,2026-02-15 09:07:20
384,Jasmine Williams,Phone,Electronics,1187.76,Osaka,Kansai,2026-02-19 23:35:17
385,Brian Gentry,Phone,Electronics,1450.17,Osaka,Kansai,2026-02-05 05:34:09
386,Hunter Hawkins,Laptop,Electronics,1264.2,Fukuoka,Kyushu,2026-02-01 02:20:07
387,Michael Hensley,Keyboard,Accessories,1093.85,Sapporo,Hokkaido,2026-01-30 08:25:44
388,Ariel Stanley,Headphones,Audio,1131.65,Nagoya,Chubu,2026-02-08 10:56:37
389,Ashley Phillips DDS,Laptop,Electronics,633.4,Nagoya,Chubu,2026-02-07 01:25:47
390,Anthony Tran,Keyboard,Accessories,26.18,Sapporo,Hokkaido,2026-02-18 13:39:02
391,Benjamin Smith,Monitor,Electronics,139.27,Fukuoka,Kyushu,2026-02-03 03:29:40
392,Adam Morris,Phone,Electronics,61.87,Sapporo,Hokkaido,2026-02-07 18:09:43
393,Mr. Charles Morales,Keyboard,Accessories,265.09,Tokyo,Kanto,2026-02-06 06:38:07
394,Richard Wallace,Monitor,Electronics,1241.11,Fukuoka,Kyushu,2026-02-03 22:02:53
395,Christine Ortega,Headphones,Audio,15.74,Nagoya,Chubu,2026-02-16 11:48:47
396,Angel Kim,Phone,Electronics,803.82,Sapporo,Hokkaido,2026-02-11 23:55:20
397,Linda Johnson,Phone,Electronics,719.03,Tokyo,Kanto,2026-02-15 04:41:15
398,Jonathan Nguyen,Headphones,Audio,883.48,Sapporo,Hokkaido,2026-02-09 06:52:21
399,Jesus Briggs,Monitor,Electronics,444.13,Tokyo,Kanto,2026-01-30 05:34:29
400,Justin Bird,Phone,Electronics,585.29,Osaka,Kansai,2026-02-05 14:14:45
401,Patricia Foster,Keyboard,Accessories,1386.68,Nagoya,Chubu,2026-02-03 10:52:54
402,Zachary Johnson,Keyboard,Accessories,898.53,Sapporo,Hokkaido,2026-02-11 18:28:20
403,Gabrielle Hopkins,Keyboard,Accessories,1334.41,Nagoya,Chubu,2026-01-31 03:41:50
404,Jane Harris,Phone,Electronics,1376.83,Osaka,Kansai,2026-02-12 08:19:04
405,Michelle Romero,Keyboard,Accessories,801.95,Nagoya,Chubu,2026-02-06 15:19:36
406,Kristin Nelson,Keyboard,Accessories,296.59,Fukuoka,Kyushu,2026-01-24 23:02:13
407,Benjamin Reynolds,Laptop,Electronics,18.36,Sapporo,Hokkaido,2026-02-03 07:33:23
408,Brandon Perry,Laptop,Electronics,455.8,Nagoya,Chubu,2026-01-25 15:10:28
409,Tiffany Peterson,Keyboard,Accessories,1382.75,Fukuoka,Kyushu,2026-01-27 07:22:57
410,Jared Jordan,Laptop,Electronics,265.31,Fukuoka,Kyushu,2026-02-08 04:58:41
411,Alexandria Kennedy,Laptop,Electronics,1393.27,Nagoya,Chubu,2026-02-03 14:31:08
412,Renee Reynolds,Monitor,Electronics,474.95,Tokyo,Kanto,2026-02-09 06:26:30
413,Angelica Perez,Phone,Electronics,506.8,Nagoya,Chubu,2026-02-13 22:56:22
414,Nathan Morales,Phone,Electronics,419.82,Osaka,Kansai,2026-01-30 22:50:40
415,Emma Kline,Laptop,Electronics,210.54,Sapporo,Hokkaido,2026-01-27 16:12:26
416,Joshua Jenkins,Headphones,Audio,318.22,Tokyo,Kanto,2026-01-26 14:58:32
417,Abigail Dean,Laptop,Electronics,1100.4,Sapporo,Hokkaido,2026-02-15 22:49:51
418,Henry Gibson,Phone,Electronics,770.31,Sapporo,Hokkaido,2026-02-20 19:15:31
419,Nicole Garcia,Headphones,Audio,1029.28,Fukuoka,Kyushu,2026-02-15 12:16:18
420,Christopher Gilbert,Headphones,Audio,279.87,Tokyo,Kanto,2026-02-18 20:27:34
421,Emily Wood,Keyboard,Accessories,254.19,Tokyo,Kanto,2026-02-17 15:36:50
422,Katelyn Garcia DVM,Monitor,Electronics,424.59,Tokyo,Kanto,2026-01-31 18:15:49
423,Kimberly Turner,Phone,Electronics,620.19,Fukuoka,Kyushu,2026-01-23 11:31:56
424,John Wallace,Phone,Electronics,333.75,Nagoya,Chubu,2026-02-17 10:07:42
425,Jay Smith,Laptop,Electronics,275.21,Fukuoka,Kyushu,2026-02-16 18:56:55
426,Sierra Oliver,Phone,Electronics,1080.06,Nagoya,Chubu,2026-02-19 21:35:30
427,Michael Garcia,Monitor,Electronics,1084.92,Nagoya,Chubu,2026-01-24 10:56:32
428,Patricia Moore,Laptop,Electronics,1392.57,Sapporo,Hokkaido,2026-02-09 05:27:41
429,Christopher Rodriguez,Headphones,Audio,1282.69,Tokyo,Kanto,2026-02-20 13:33:40
430,Antonio Lee,Headphones,Audio,372.51,Sapporo,Hokkaido,2026-01-22 12:23:20
431,Frederick Massey,Keyboard,Accessories,562.04,Sapporo,Hokkaido,2026-02-11 10:23:21
432,Thomas Lewis,Headphones,Audio,218.03,Osaka,Kansai,2026-01-30 05:14:12
433,Michael Edwards,Laptop,Electronics,828.65,Tokyo,Kanto,2026-01-30 09:33:47
434,Mark Gonzalez,Monitor,Electronics,875.3,Osaka,Kansai,2026-01-24 07:11:01
435,Stephanie White MD,Phone,Electronics,322.61,Nagoya,Chubu,2026-01-30 09:19:25
436,Ricky Foster,Keyboard,Accessories,55.35,Sapporo,Hokkaido,2026-02-21 04:27:34
437,Dr. Michael Garza,Monitor,Electronics,730.82,Fukuoka,Kyushu,2026-02-09 17:34:38
438,Holly Mendoza MD,Phone,Electronics,1056.37,Fukuoka,Kyushu,2026-02-11 00:01:37
439,Christopher Bates,Monitor,Electronics,395.16,Sapporo,Hokkaido,2026-02-05 19:40:38
440,Justin Johnson,Monitor,Electronics,518.93,Nagoya,Chubu,2026-02-02 12:18:19
441,James Macias,Laptop,Electronics,536.69,Sapporo,Hokkaido,2026-02-17 10:52:03
442,Victoria Carter,Monitor,Electronics,1154.82,Tokyo,Kanto,2026-02-12 21:51:55
443,Terry Grimes,Laptop,Electronics,674.06,Osaka,Kansai,2026-02-03 00:00:24
444,John Warner,Phone,Electronics,1106.82,Fukuoka,Kyushu,2026-02-17 02:25:49
445,Bianca Greene,Headphones,Audio,1329.51,Nagoya,Chubu,2026-02-16 03:41:04
446,Curtis Horn,Headphones,Audio,435.35,Fukuoka,Kyushu,2026-01-24 23:47:52
447,Karen Byrd,Keyboard,Accessories,1133.35,Sapporo,Hokkaido,2026-01-31 19:07:33
448,Deanna Riddle,Phone,Electronics,494.6,Fukuoka,Kyushu,2026-02-17 00:54:05
449,Lauren Davis,Laptop,Electronics,1312.18,Osaka,Kansai,2026-02-07 06:39:25
450,Jill Foley,Keyboard,Accessories,10.24,Nagoya,Chubu,2026-01-24 12:51:36
451,Bailey Berg,Laptop,Electronics,284.99,Sapporo,Hokkaido,2026-01-24 07:28:21
452,Samantha Conley,Monitor,Electronics,816.22,Nagoya,Chubu,2026-01-22 21:19:54
453,Elizabeth Bishop,Monitor,Electronics,1346.16,Fukuoka,Kyushu,2026-02-02 05:58:29
454,Daniel Chan,Headphones,Audio,447.1,Osaka,Kansai,2026-02-04 09:00:32
455,Stephanie Dalton,Laptop,Electronics,1404.92,Tokyo,Kanto,2026-02-10 04:41:22
456,Carolyn Cook,Laptop,Electronics,1447.34,Osaka,Kansai,2026-01-27 16:32:19
457,Alexandra Moran,Laptop,Electronics,201.86,Tokyo,Kanto,2026-02-06 08:18:44
458,Aaron Stuart,Phone,Electronics,701.71,Tokyo,Kanto,2026-02-06 21:16:15
459,Robert Moore,Keyboard,Accessories,62.43,Nagoya,Chubu,2026-02-02 00:39:47
460,Amy Hoover,Headphones,Audio,190.42,Tokyo,Kanto,2026-02-10 04:05:38
461,Kimberly Johnson,Phone,Electronics,750.9,Nagoya,Chubu,2026-01-31 00:24:26
462,Ashley Hendrix,Headphones,Audio,1138.33,Nagoya,Chubu,2026-02-16 08:45:05
463,James Sharp,Monitor,Electronics,745.99,Fukuoka,Kyushu,2026-02-06 14:57:18
464,Holly Bishop,Keyboard,Accessories,414.23,Fukuoka,Kyushu,2026-02-02 05:39:08
465,Peter Hernandez,Keyboard,Accessories,732.52,Fukuoka,Kyushu,2026-01-29 21:30:33
466,Tina Reed,Laptop,Electronics,1425.42,Tokyo,Kanto,2026-02-08 08:41:00
467,Gabrielle Martin,Monitor,Electronics,635.36,Tokyo,Kanto,2026-01-31 13:57:07
468,Victoria Humphrey,Headphones,Audio,679.07,Osaka,Kansai,2026-02-10 16:03:21
469,Lori Coleman,Monitor,Electronics,167.5,Nagoya,Chubu,2026-02-09 21:19:04
470,Alexander Harris,Laptop,Electronics,1081.68,Osaka,Kansai,2026-02-02 05:20:07
471,Robert Cannon,Monitor,Electronics,1166.07,Tokyo,Kanto,2026-01-23 19:10:36
472,Christopher Chambers,Headphones,Audio,1389.19,Nagoya,Chubu,2026-02-05 23:37:58
473,Kimberly Rivers,Phone,Electronics,551.28,Fukuoka,Kyushu,2026-02-18 18:42:25
474,Joel Henderson,Phone,Electronics,236.28,Tokyo,Kanto,2026-02-16 00:46:40
475,Sandra Jones,Phone,Electronics,192.09,Nagoya,Chubu,2026-01-28 03:28:43
476,Joyce Hubbard,Monitor,Electronics,198.43,Fukuoka,Kyushu,2026-02-21 07:08:26
477,Lauren Morales,Laptop,Electronics,812.91,Tokyo,Kanto,2026-01-30 12:56:30
478,Margaret Jenkins PhD,Monitor,Electronics,1292.65,Osaka,Kansai,2026-01-27 13:24:13
479,Melinda Banks,Monitor,Electronics,859.62,Nagoya,Chubu,2026-01-28 09:58:57
480,Linda Pierce,Keyboard,Accessories,23.16,Sapporo,Hokkaido,2026-02-19 03:02:16
481,Jacob Newman,Monitor,Electronics,1438.73,Osaka,Kansai,2026-02-04 15:29:08
482,Willie Boone,Phone,Electronics,732.53,Sapporo,Hokkaido,2026-01-24 05:34:37
483,Michael Phillips,Laptop,Electronics,1157.75,Sapporo,Hokkaido,2026-01-28 04:03:15
484,Ana Graves,Monitor,Electronics,657.49,Sapporo,Hokkaido,2026-02-16 05:37:44
485,Jacob Owens,Laptop,Electronics,1389.45,Nagoya,Chubu,2026-02-02 07:01:56
486,Tiffany Francis,Laptop,Electronics,446.23,Nagoya,Chubu,2026-02-19 04:16:46
487,Steven Morgan,Keyboard,Accessories,585.81,Osaka,Kansai,2026-02-20 18:13:06
488,Brittany Mullen,Laptop,Electronics,164.29,Fukuoka,Kyushu,2026-02-01 06:32:53
489,Brian Robinson,Keyboard,Accessories,412.38,Fukuoka,Kyushu,2026-02-09 08:33:22
490,Samuel Macdonald,Monitor,Electronics,625.29,Fukuoka,Kyushu,2026-02-10 09:01:06
491,Courtney Merritt,Keyboard,Accessories,1107.74,Fukuoka,Kyushu,2026-02-02 13:17:22
492,William Kaufman,Laptop,Electronics,342.43,Osaka,Kansai,2026-02-18 00:19:39
493,Matthew Garcia,Laptop,Electronics,306.24,Osaka,Kansai,2026-02-04 06:25:42
494,John Gonzalez,Monitor,Electronics,1344.27,Nagoya,Chubu,2026-01-25 00:42:34
495,Jeremy Downs,Keyboard,Accessories,1440.23,Osaka,Kansai,2026-02-14 18:15:58
496,Mark Miller,Phone,Electronics,323.42,Nagoya,Chubu,2026-02-19 11:40:38
497,Stacy Jones,Keyboard,Accessories,155.13,Nagoya,Chubu,2026-02-14 05:33:14
498,Steven Brown,Keyboard,Accessories,116.0,Osaka,Kansai,2026-01-28 18:33:44
499,Gina Osborne,Laptop,Electronics,313.07,Fukuoka,Kyushu,2026-01-22 19:04:08
500,Daniel Hernandez,Monitor,Electronics,714.88,Sapporo,Hokkaido,2026-01-31 04:39:42
501,Eric Bennett,Phone,Electronics,1118.31,Nagoya,Chubu,2026-02-07 03:35:56
502,Bonnie Rodriguez,Monitor,Electronics,813.86,Nagoya,Chubu,2026-02-18 19:16:34
503,Anna Olson,Headphones,Audio,798.82,Fukuoka,Kyushu,2026-02-16 13:01:03
504,Dakota Gonzalez,Headphones,Audio,852.44,Fukuoka,Kyushu,2026-02-18 23:59:55
505,Margaret Waller,Laptop,Electronics,62.38,Tokyo,Kanto,2026-02-05 06:13:45
506,Roger Schneider,Laptop,Electronics,1100.32,Fukuoka,Kyushu,2026-01-24 15:41:57
507,Holly Horton,Keyboard,Accessories,274.81,Tokyo,Kanto,2026-01-22 14:38:11
508,Ronald Hoffman,Headphones,Audio,1446.77,Osaka,Kansai,2026-02-20 22:04:21
509,Stanley Hernandez,Monitor,Electronics,387.85,Nagoya,Chubu,2026-02-13 14:43:29
510,Michael Payne,Laptop,Electronics,1270.2,Fukuoka,Kyushu,2026-02-17 20:41:52
511,Angela Green,Keyboard,Accessories,1226.81,Osaka,Kansai,2026-02-04 18:50:18
512,Andrew Hernandez,Phone,Electronics,782.67,Tokyo,Kanto,2026-02-18 12:52:15
513,Rodney Miller,Keyboard,Accessories,171.25,Sapporo,Hokkaido,2026-02-07 04:45:13
514,Dana Cooper,Phone,Electronics,528.48,Tokyo,Kanto,2026-02-05 18:53:24
515,Joshua Garza,Monitor,Electronics,335.19,Fukuoka,Kyushu,2026-02-01 03:25:38
516,Kelly Spencer,Headphones,Audio,1391.6,Osaka,Kansai,2026-02-17 13:59:21
517,Erica Young,Headphones,Audio,72.69,Tokyo,Kanto,2026-01-25 00:16:56
518,Scott Stark,Keyboard,Accessories,63.23,Sapporo,Hokkaido,2026-02-16 14:17:20
519,Jason Williams,Headphones,Audio,1470.2,Fukuoka,Kyushu,2026-02-15 13:32:42
520,Lisa Baldwin,Phone,Electronics,51.72,Fukuoka,Kyushu,2026-02-10 00:25:35
521,Jessica Baker,Headphones,Audio,525.48,Fukuoka,Kyushu,2026-02-02 15:14:43
522,Mark Smith,Headphones,Audio,748.86,Nagoya,Chubu,2026-02-03 07:17:09
523,Vanessa Richards,Phone,Electronics,292.97,Osaka,Kansai,2026-02-14 22:57:26
524,Regina Anderson,Headphones,Audio,610.05,Osaka,Kansai,2026-02-09 06:46:38
525,Jesse Moore,Laptop,Electronics,88.68,Sapporo,Hokkaido,2026-02-13 16:33:33
526,Jordan Robertson,Keyboard,Accessories,609.12,Nagoya,Chubu,2026-01-23 09:58:01
527,Donna Navarro,Monitor,Electronics,255.56,Osaka,Kansai,2026-02-10 22:42:35
528,Kaitlin Watson,Phone,Electronics,872.39,Sapporo,Hokkaido,2026-01-22 17:59:33
529,David Gross,Monitor,Electronics,96.33,Tokyo,Kanto,2026-01-28 14:59:20
530,Joseph Allen,Laptop,Electronics,199.71,Fukuoka,Kyushu,2026-02-01 11:32:18
531,Travis Martin,Keyboard,Accessories,950.06,Sapporo,Hokkaido,2026-02-04 18:15:07
532,Justin Howard,Monitor,Electronics,1082.71,Osaka,Kansai,2026-02-09 12:05:48
533,Christopher Kidd,Headphones,Audio,1024.93,Fukuoka,Kyushu,2026-01-26 23:03:13
534,Roberto Duncan,Headphones,Audio,1113.52,Fukuoka,Kyushu,2026-02-11 17:20:01
535,Christine Mcdonald,Keyboard,Accessories,1427.61,Sapporo,Hokkaido,2026-01-31 09:31:11
536,Amber Harris,Headphones,Audio,267.41,Sapporo,Hokkaido,2026-02-04 16:05:28
537,Robert Hall,Keyboard,Accessories,1155.82,Tokyo,Kanto,2026-01-22 22:55:02
538,Kelsey Burton,Laptop,Electronics,1005.9,Osaka,Kansai,2026-01-27 23:02:25
539,Brianna Lawrence,Headphones,Audio,620.99,Sapporo,Hokkaido,2026-02-03 15:27:30
540,Jessica Fowler,Keyboard,Accessories,318.91,Fukuoka,Kyushu,2026-01-24 17:43:20
541,Linda Butler,Phone,Electronics,737.57,Tokyo,Kanto,2026-02-05 01:49:19
542,Jeffrey Walters,Phone,Electronics,845.69,Sapporo,Hokkaido,2026-02-11 12:51:08
543,Michael Hanson,Headphones,Audio,1050.05,Sapporo,Hokkaido,2026-01-25 01:03:09
544,Suzanne Flynn,Keyboard,Accessories,746.98,Tokyo,Kanto,2026-02-20 09:23:30
545,Thomas Hanson,Headphones,Audio,781.59,Sapporo,Hokkaido,2026-02-21 10:00:21
546,Mrs. Tammy Powell,Laptop,Electronics,1211.84,Fukuoka,Kyushu,2026-01-30 05:50:25
547,Toni Abbott,Headphones,Audio,142.57,Fukuoka,Kyushu,2026-02-11 16:29:41
548,Philip Brooks,Phone,Electronics,664.68,Fukuoka,Kyushu,2026-02-02 17:33:40
549,Rhonda Jordan,Monitor,Electronics,368.93,Tokyo,Kanto,2026-02-12 10:15:48
550,Kristina Johnson,Headphones,Audio,872.5,Nagoya,Chubu,2026-01-23 01:20:21
551,Jimmy Thompson,Phone,Electronics,843.4,Osaka,Kansai,2026-02-12 00:57:30
552,Carolyn Robles,Phone,Electronics,54.38,Sapporo,Hokkaido,2026-02-09 17:27:31
553,Ashley Reed,Phone,Electronics,615.55,Fukuoka,Kyushu,2026-02-15 08:48:44
554,Brittany Hughes,Laptop,Electronics,166.37,Nagoya,Chubu,2026-02-04 18:58:04
555,Regina Mullins,Phone,Electronics,769.78,Tokyo,Kanto,2026-02-02 21:40:12
556,Joshua Mooney,Keyboard,Accessories,631.78,Tokyo,Kanto,2026-01-27 15:41:14
557,Deanna Cole,Laptop,Electronics,1235.55,Osaka,Kansai,2026-02-15 06:04:28
558,John Olson,Laptop,Electronics,1460.35,Fukuoka,Kyushu,2026-02-08 19:29:48
559,Brian Tucker,Headphones,Audio,765.24,Sapporo,Hokkaido,2026-02-15 22:42:41
560,Michael Holmes,Keyboard,Accessories,348.13,Sapporo,Hokkaido,2026-02-15 02:27:04
561,Cristina Smith,Headphones,Audio,56.36,Osaka,Kansai,2026-02-18 23:02:00
562,Michael Moss,Laptop,Electronics,1018.33,Sapporo,Hokkaido,2026-02-03 06:06:12
563,David Schultz,Headphones,Audio,261.93,Tokyo,Kanto,2026-02-19 19:05:58
564,Corey Rodriguez,Monitor,Electronics,1008.24,Fukuoka,Kyushu,2026-02-02 16:00:20
565,Miranda Jackson,Monitor,Electronics,1004.42,Osaka,Kansai,2026-02-12 17:42:01
566,Lisa Ingram,Laptop,Electronics,91.45,Fukuoka,Kyushu,2026-01-27 15:27:05
567,Lisa Chavez,Keyboard,Accessories,464.43,Nagoya,Chubu,2026-01-28 11:38:18
568,John Nixon,Keyboard,Accessories,313.17,Osaka,Kansai,2026-01-29 00:51:29
569,Benjamin Aguirre,Laptop,Electronics,1312.33,Osaka,Kansai,2026-02-06 11:05:53
570,Justin Parker,Headphones,Audio,960.91,Nagoya,Chubu,2026-02-10 23:00:53
571,Abigail Alexander,Headphones,Audio,285.6,Sapporo,Hokkaido,2026-01-25 11:52:38
572,Dr. Charles Brooks,Phone,Electronics,143.92,Tokyo,Kanto,2026-01-25 22:30:48
573,Bradley Whitney,Laptop,Electronics,88.31,Tokyo,Kanto,2026-02-18 19:12:01
574,Angela Green,Keyboard,Accessories,1102.17,Nagoya,Chubu,2026-01-26 08:36:51
575,Loretta Massey,Keyboard,Accessories,1443.08,Nagoya,Chubu,2026-02-20 20:15:34
576,Tonya Valencia,Phone,Electronics,380.31,Osaka,Kansai,2026-02-10 19:17:21
577,Angela Fernandez,Laptop,Electronics,905.6,Tokyo,Kanto,2026-02-19 20:18:12
578,Ashley Delgado,Headphones,Audio,208.54,Tokyo,Kanto,2026-02-08 02:43:29
579,Thomas Lambert,Laptop,Electronics,909.24,Nagoya,Chubu,2026-02-20 08:00:13
580,Tara Jones,Phone,Electronics,1442.02,Osaka,Kansai,2026-02-14 07:33:01
581,Matthew Roberson,Phone,Electronics,636.82,Sapporo,Hokkaido,2026-02-09 02:46:40
582,Laura Little,Headphones,Audio,800.31,Osaka,Kansai,2026-02-16 05:06:19
583,Ronald Lee,Keyboard,Accessories,627.03,Osaka,Kansai,2026-02-20 23:21:11
584,Theresa Jackson,Keyboard,Accessories,1274.12,Osaka,Kansai,2026-02-11 23:32:06
585,Kellie Huffman,Keyboard,Accessories,1165.09,Nagoya,Chubu,2026-02-18 17:10:29
586,Lisa Richards,Phone,Electronics,982.13,Sapporo,Hokkaido,2026-02-08 12:05:48
587,Mike Walker,Laptop,Electronics,1352.55,Tokyo,Kanto,2026-02-17 22:58:45
588,Tricia Brown,Laptop,Electronics,144.78,Sapporo,Hokkaido,2026-02-07 19:38:59
589,John Ramirez,Phone,Electronics,1214.87,Sapporo,Hokkaido,2026-01-31 21:15:32
590,Rachel Wright,Keyboard,Accessories,914.01,Nagoya,Chubu,2026-01-24 21:54:06
591,Mr. Zachary Gonzales III,Keyboard,Accessories,1035.48,Sapporo,Hokkaido,2026-01-24 06:33:23
592,Alexandra Harris,Keyboard,Accessories,1065.1,Osaka,Kansai,2026-02-13 23:39:19
593,James Duran,Laptop,Electronics,583.97,Tokyo,Kanto,2026-02-13 01:23:40
594,Samantha Ellis,Laptop,Electronics,122.83,Sapporo,Hokkaido,2026-01-27 06:32:54
595,Shawn Valenzuela,Laptop,Electronics,745.98,Fukuoka,Kyushu,2026-01-31 09:29:55
596,James Hill,Phone,Electronics,653.88,Nagoya,Chubu,2026-02-12 13:40:49
597,Mr. Michael Clark MD,Phone,Electronics,1095.69,Fukuoka,Kyushu,2026-01-30 11:52:52
598,William Watkins,Phone,Electronics,440.86,Fukuoka,Kyushu,2026-02-13 02:35:33
599,Anthony Reid,Laptop,Electronics,866.69,Sapporo,Hokkaido,2026-02-02 21:27:18
600,Jason Hawkins,Headphones,Audio,34.08,Osaka,Kansai,2026-01-24 08:16:41
601,Brenda Kelly,Phone,Electronics,977.68,Nagoya,Chubu,2026-02-18 18:58:21
602,Dalton Lewis,Phone,Electronics,1295.43,Fukuoka,Kyushu,2026-02-03 14:45:37
603,William Jones,Laptop,Electronics,1341.6,Osaka,Kansai,2026-02-11 11:31:12
604,Michael King,Headphones,Audio,649.72,Fukuoka,Kyushu,2026-02-06 14:54:21
605,Kenneth Kelly,Laptop,Electronics,1322.35,Nagoya,Chubu,2026-01-26 15:11:20
606,Jessica Hill,Keyboard,Accessories,1181.7,Fukuoka,Kyushu,2026-01-23 06:20:59
607,Elizabeth Taylor,Phone,Electronics,295.08,Nagoya,Chubu,2026-02-16 01:20:18
608,Courtney Martinez,Laptop,Electronics,781.83,Osaka,Kansai,2026-02-10 23:32:19
609,Joshua Lee,Phone,Electronics,268.58,Tokyo,Kanto,2026-02-14 01:28:05
610,John Moody,Phone,Electronics,158.24,Nagoya,Chubu,2026-02-05 22:50:24
611,Jeremiah Krueger,Monitor,Electronics,87.61,Osaka,Kansai,2026-01-25 01:30:51
612,Henry Patton,Laptop,Electronics,227.84,Osaka,Kansai,2026-02-12 05:35:09
613,Lucas Davis,Phone,Electronics,752.91,Fukuoka,Kyushu,2026-01-25 10:12:54
614,Sandra Miller,Headphones,Audio,699.57,Sapporo,Hokkaido,2026-02-06 11:50:21
615,Brian Walker,Monitor,Electronics,767.57,Osaka,Kansai,2026-02-04 01:08:52
616,William Gardner,Headphones,Audio,495.84,Tokyo,Kanto,2026-02-10 19:51:32
617,Lori Leonard,Laptop,Electronics,489.62,Fukuoka,Kyushu,2026-02-13 05:23:07
618,Christine Brown,Keyboard,Accessories,587.21,Tokyo,Kanto,2026-02-12 16:48:58
619,Christina Espinoza,Headphones,Audio,188.18,Nagoya,Chubu,2026-02-19 17:19:57
620,David Mata,Phone,Electronics,48.64,Osaka,Kansai,2026-01-22 23:29:32
621,Nathan Davis,Headphones,Audio,874.78,Osaka,Kansai,2026-02-03 20:53:17
622,Andrew Chen DDS,Monitor,Electronics,410.11,Sapporo,Hokkaido,2026-01-31 01:23:54
623,Ashlee Peters,Monitor,Electronics,1361.57,Fukuoka,Kyushu,2026-01-24 15:01:10
624,Darren Boyle,Laptop,Electronics,413.35,Sapporo,Hokkaido,2026-01-26 20:35:10
625,Mark Miller,Monitor,Electronics,565.79,Tokyo,Kanto,2026-01-28 18:38:19
626,Timothy Bishop,Headphones,Audio,288.76,Osaka,Kansai,2026-02-02 00:27:13
627,Dennis Jackson,Headphones,Audio,1221.5,Fukuoka,Kyushu,2026-02-10 08:36:30
628,Rebecca Anderson,Monitor,Electronics,665.56,Nagoya,Chubu,2026-02-01 05:44:53
629,Heather Vasquez,Monitor,Electronics,174.58,Fukuoka,Kyushu,2026-02-20 19:11:48
630,Derrick Hurst,Monitor,Electronics,1336.46,Fukuoka,Kyushu,2026-01-23 13:18:23
631,David Wallace,Keyboard,Accessories,117.42,Sapporo,Hokkaido,2026-01-30 02:47:08
632,Caleb Davis,Laptop,Electronics,1116.29,Tokyo,Kanto,2026-01-23 17:45:58
633,Courtney Ashley,Monitor,Electronics,700.67,Fukuoka,Kyushu,2026-02-17 08:54:05
634,Charles Burns,Keyboard,Accessories,395.1,Fukuoka,Kyushu,2026-01-27 12:58:38
635,Nicholas Scott,Monitor,Electronics,652.82,Fukuoka,Kyushu,2026-02-10 21:33:45
636,Jason Brown,Laptop,Electronics,1064.62,Sapporo,Hokkaido,2026-01-23 17:53:20
637,Anthony Carson,Keyboard,Accessories,52.4,Osaka,Kansai,2026-02-20 07:34:03
638,Amy Riley,Headphones,Audio,91.53,Osaka,Kansai,2026-02-20 17:27:20
639,Robert Craig,Phone,Electronics,1105.19,Osaka,Kansai,2026-02-02 11:32:13
640,Susan Prince,Monitor,Electronics,966.09,Fukuoka,Kyushu,2026-02-12 13:42:40
641,Todd Logan,Phone,Electronics,1424.18,Osaka,Kansai,2026-01-24 03:31:11
642,Sean Brewer,Laptop,Electronics,49.59,Tokyo,Kanto,2026-02-16 07:23:24
643,Carolyn Sheppard,Phone,Electronics,1099.08,Osaka,Kansai,2026-02-06 16:12:45
644,Teresa Glass,Phone,Electronics,1122.16,Fukuoka,Kyushu,2026-01-26 21:10:09
645,Tara Jones,Laptop,Electronics,446.15,Osaka,Kansai,2026-02-07 20:03:28
646,Eric Ray,Phone,Electronics,571.02,Fukuoka,Kyushu,2026-01-26 12:53:39
647,John Johnston,Headphones,Audio,1395.05,Sapporo,Hokkaido,2026-01-26 22:45:46
648,Reginald Sims,Laptop,Electronics,1465.74,Sapporo,Hokkaido,2026-02-21 02:20:02
649,Daniel Martinez,Laptop,Electronics,1045.53,Tokyo,Kanto,2026-02-06 09:36:12
650,Jeffery Maldonado,Keyboard,Accessories,109.42,Tokyo,Kanto,2026-02-14 08:42:06
651,David Beck,Headphones,Audio,261.98,Sapporo,Hokkaido,2026-02-02 23:45:08
652,Megan Sanchez,Monitor,Electronics,561.37,Sapporo,Hokkaido,2026-02-16 15:05:45
653,Gregory Burns,Headphones,Audio,1453.79,Tokyo,Kanto,2026-02-03 18:09:53
654,Heather Rogers,Laptop,Electronics,1213.14,Osaka,Kansai,2026-01-26 06:13:54
655,Jeffery Clements,Laptop,Electronics,59.06,Nagoya,Chubu,2026-01-31 22:11:45
656,Brandon Warren,Monitor,Electronics,19.38,Nagoya,Chubu,2026-02-11 09:53:26
657,Robert Kennedy,Laptop,Electronics,688.12,Osaka,Kansai,2026-02-18 08:57:29
658,Francisco Dalton,Headphones,Audio,567.98,Osaka,Kansai,2026-02-03 12:15:10
659,David Porter,Laptop,Electronics,691.26,Fukuoka,Kyushu,2026-02-19 22:01:42
660,Anita Barry,Keyboard,Accessories,1145.51,Tokyo,Kanto,2026-02-14 09:43:42
661,Jeffrey Jackson,Headphones,Audio,163.78,Tokyo,Kanto,2026-02-09 07:49:26
662,James Hall,Keyboard,Accessories,868.07,Nagoya,Chubu,2026-01-23 00:02:03
663,Seth Holland,Headphones,Audio,742.6,Sapporo,Hokkaido,2026-01-28 08:42:18
664,Ashley Garcia,Laptop,Electronics,400.8,Osaka,Kansai,2026-01-24 07:39:24
665,Kevin Shaffer,Headphones,Audio,371.09,Nagoya,Chubu,2026-02-11 13:57:44
666,Beth Donovan,Phone,Electronics,1062.3,Tokyo,Kanto,2026-02-05 04:21:38
667,Joseph Torres,Phone,Electronics,709.69,Sapporo,Hokkaido,2026-02-03 01:02:37
668,Jill Gray,Laptop,Electronics,491.65,Nagoya,Chubu,2026-01-29 16:35:24
669,Stephanie Shepherd,Laptop,Electronics,439.36,Nagoya,Chubu,2026-01-30 17:54:22
670,Tammy Thomas,Monitor,Electronics,643.63,Fukuoka,Kyushu,2026-02-05 22:39:45
671,Lori Gonzalez,Phone,Electronics,1400.74,Osaka,Kansai,2026-01-27 12:49:34
672,Jesse Wolfe,Keyboard,Accessories,841.21,Tokyo,Kanto,2026-02-21 08:17:55
673,Devin Baker,Headphones,Audio,95.64,Fukuoka,Kyushu,2026-02-10 22:54:56
674,Chad Fletcher,Keyboard,Accessories,483.45,Nagoya,Chubu,2026-02-12 03:01:16
675,Todd Jordan,Headphones,Audio,761.91,Fukuoka,Kyushu,2026-02-10 10:42:45
676,Jennifer Rogers,Keyboard,Accessories,1486.5,Osaka,Kansai,2026-02-05 02:25:53
677,Mrs. Julie Lopez,Laptop,Electronics,388.69,Sapporo,Hokkaido,2026-01-31 22:53:16
678,Stephanie Taylor,Headphones,Audio,1198.2,Tokyo,Kanto,2026-02-11 19:52:42
679,Robert Hudson,Phone,Electronics,468.1,Fukuoka,Kyushu,2026-02-09 10:13:33
680,Nancy Mcconnell,Headphones,Audio,392.01,Osaka,Kansai,2026-02-18 04:22:04
681,Mr. Eric Jones,Laptop,Electronics,829.42,Fukuoka,Kyushu,2026-02-05 12:45:38
682,Glenn Washington,Laptop,Electronics,187.64,Tokyo,Kanto,2026-02-18 14:02:53
683,Paul Lee,Keyboard,Accessories,370.34,Fukuoka,Kyushu,2026-02-07 22:58:20
684,Cynthia Wheeler,Laptop,Electronics,990.99,Fukuoka,Kyushu,2026-02-09 14:58:39
685,Brenda Cruz,Keyboard,Accessories,663.98,Osaka,Kansai,2026-01-30 14:48:58
686,Kimberly Sherman,Phone,Electronics,1446.97,Osaka,Kansai,2026-02-17 13:12:27
687,Amber Wilkinson,Monitor,Electronics,373.96,Osaka,Kansai,2026-02-09 17:06:44
688,Jeremy Norton,Headphones,Audio,192.38,Osaka,Kansai,2026-02-13 09:59:51
689,Deborah Lopez,Monitor,Electronics,1126.73,Sapporo,Hokkaido,2026-02-01 07:12:36
690,David Page,Laptop,Electronics,1076.4,Fukuoka,Kyushu,2026-02-16 05:27:08
691,Jordan Roberts,Keyboard,Accessories,46.62,Fukuoka,Kyushu,2026-02-12 20:13:54
692,Kelly Wilson,Laptop,Electronics,12.59,Nagoya,Chubu,2026-01-30 16:52:44
693,Amanda Warner,Monitor,Electronics,562.71,Osaka,Kansai,2026-02-15 04:31:13
694,Michael Allen,Laptop,Electronics,1183.39,Nagoya,Chubu,2026-02-14 00:52:36
695,Lori Woods,Phone,Electronics,1301.9,Fukuoka,Kyushu,2026-02-16 05:22:54
696,Robert Harris,Phone,Electronics,194.72,Tokyo,Kanto,2026-01-27 09:06:31
697,Ralph Eaton,Monitor,Electronics,1499.85,Fukuoka,Kyushu,2026-02-16 00:17:51
698,Lindsay Swanson,Monitor,Electronics,748.01,Nagoya,Chubu,2026-01-29 07:59:52
699,Kim Gonzalez,Phone,Electronics,1168.03,Sapporo,Hokkaido,2026-02-01 12:49:37
700,Robert Rodriguez,Keyboard,Accessories,556.23,Sapporo,Hokkaido,2026-01-29 17:20:35
701,Lisa Hall,Phone,Electronics,93.07,Fukuoka,Kyushu,2026-02-20 05:04:07
702,Donald Martinez,Laptop,Electronics,913.37,Tokyo,Kanto,2026-02-12 07:44:24
703,Joseph Wolfe,Headphones,Audio,1022.65,Tokyo,Kanto,2026-02-16 02:51:53
704,Jennifer Myers,Phone,Electronics,1339.52,Nagoya,Chubu,2026-02-16 22:23:21
705,Veronica Fuller,Headphones,Audio,77.51,Sapporo,Hokkaido,2026-02-03 03:14:33
706,Crystal Adams,Phone,Electronics,1231.84,Fukuoka,Kyushu,2026-01-24 15:46:45
707,Ryan Byrd,Keyboard,Accessories,10.89,Nagoya,Chubu,2026-02-09 03:57:17
708,Kimberly Reese,Monitor,Electronics,783.56,Osaka,Kansai,2026-02-20 16:50:17
709,Mark Davis,Phone,Electronics,379.46,Nagoya,Chubu,2026-01-27 03:00:27
710,Veronica Johnson,Headphones,Audio,1268.76,Osaka,Kansai,2026-02-16 15:00:18
711,Joseph Bishop,Keyboard,Accessories,37.47,Nagoya,Chubu,2026-02-01 15:38:09
712,Lauren Phelps,Keyboard,Accessories,898.52,Sapporo,Hokkaido,2026-01-24 18:06:10
713,John Murphy,Phone,Electronics,732.59,Fukuoka,Kyushu,2026-02-09 03:04:47
714,Leonard Juarez,Laptop,Electronics,1413.32,Osaka,Kansai,2026-02-19 11:21:07
715,Lisa Wilkerson,Monitor,Electronics,1258.25,Fukuoka,Kyushu,2026-01-30 10:42:19
716,Mrs. Angela Maldonado,Laptop,Electronics,233.41,Osaka,Kansai,2026-02-02 00:31:17
717,Frank Gonzales,Laptop,Electronics,1271.24,Osaka,Kansai,2026-02-19 22:10:18
718,Ryan Downs,Keyboard,Accessories,1491.8,Fukuoka,Kyushu,2026-02-13 13:07:40
719,Jason Choi,Keyboard,Accessories,511.28,Tokyo,Kanto,2026-02-11 13:29:27
720,Kelly Andersen,Monitor,Electronics,108.7,Sapporo,Hokkaido,2026-02-17 03:22:22
721,Omar Ward,Phone,Electronics,65.22,Tokyo,Kanto,2026-02-10 18:12:44
722,Ashley Harrison,Phone,Electronics,915.76,Osaka,Kansai,2026-02-04 01:48:00
723,Steven Hernandez,Keyboard,Accessories,1466.9,Osaka,Kansai,2026-02-09 13:10:50
724,Martha Jones,Keyboard,Accessories,815.34,Osaka,Kansai,2026-02-14 12:23:30
725,Mark Ingram,Laptop,Electronics,250.05,Sapporo,Hokkaido,2026-02-02 07:17:34
726,Lisa Conway,Laptop,Electronics,1297.65,Nagoya,Chubu,2026-02-19 01:55:55
727,Jack Johnson DVM,Monitor,Electronics,1383.32,Tokyo,Kanto,2026-01-27 09:52:04
728,Rachel Graves,Headphones,Audio,357.01,Fukuoka,Kyushu,2026-02-13 17:38:43
729,Matthew Hood,Headphones,Audio,1142.35,Nagoya,Chubu,2026-02-14 02:40:28
730,Anna Page,Headphones,Audio,884.03,Nagoya,Chubu,2026-02-20 01:15:24
731,Duane Nelson,Keyboard,Accessories,1085.42,Fukuoka,Kyushu,2026-02-09 14:32:16
732,David Cabrera,Phone,Electronics,275.7,Tokyo,Kanto,2026-02-03 06:32:37
733,Rick Shaffer,Laptop,Electronics,584.46,Nagoya,Chubu,2026-02-08 21:00:18
734,Veronica Morris,Laptop,Electronics,622.14,Sapporo,Hokkaido,2026-01-28 00:29:56
735,Larry Johns,Headphones,Audio,1052.06,Fukuoka,Kyushu,2026-02-05 20:39:13
736,Nicole Fernandez,Laptop,Electronics,398.95,Sapporo,Hokkaido,2026-02-04 10:14:34
737,Kayla Delgado,Headphones,Audio,533.57,Nagoya,Chubu,2026-02-01 00:57:37
738,Casey Ward,Laptop,Electronics,556.71,Osaka,Kansai,2026-02-15 02:04:06
739,Jessica Berry,Phone,Electronics,509.87,Tokyo,Kanto,2026-02-17 18:07:36
740,Jay Cook,Keyboard,Accessories,106.14,Tokyo,Kanto,2026-02-11 02:28:47
741,Michael Hodges,Phone,Electronics,1131.86,Nagoya,Chubu,2026-01-29 11:54:58
742,Fernando Fischer,Monitor,Electronics,1402.78,Tokyo,Kanto,2026-01-30 19:12:20
743,Scott Lutz,Keyboard,Accessories,515.67,Osaka,Kansai,2026-01-29 05:54:03
744,Christopher Stone,Laptop,Electronics,1071.61,Osaka,Kansai,2026-02-15 01:58:11
745,Veronica Jackson,Laptop,Electronics,417.75,Nagoya,Chubu,2026-01-25 21:42:32
746,Michael Hall,Laptop,Electronics,235.88,Osaka,Kansai,2026-01-25 06:31:42
747,Sonya Ray,Phone,Electronics,1436.99,Nagoya,Chubu,2026-02-15 08:30:35
748,Larry Terry,Laptop,Electronics,1042.4,Tokyo,Kanto,2026-02-02 01:10:31
749,Christian Cook,Phone,Electronics,28.16,Osaka,Kansai,2026-02-09 07:55:55
750,Heidi Bridges,Headphones,Audio,30.96,Nagoya,Chubu,2026-01-27 16:28:28
751,Maurice Jones,Monitor,Electronics,331.19,Nagoya,Chubu,2026-01-25 10:18:30
752,Robert Mccullough,Headphones,Audio,493.02,Sapporo,Hokkaido,2026-02-14 08:11:35
753,Marc Hudson,Monitor,Electronics,162.29,Osaka,Kansai,2026-02-12 11:54:46
754,Vanessa Clark,Monitor,Electronics,1192.6,Nagoya,Chubu,2026-02-02 07:26:29
755,Brian Dixon,Monitor,Electronics,1079.45,Sapporo,Hokkaido,2026-01-28 13:11:32
756,Alejandra Mills,Phone,Electronics,488.48,Osaka,Kansai,2026-02-04 07:23:05
757,George Lambert,Headphones,Audio,841.2,Tokyo,Kanto,2026-02-17 04:48:53
758,Kiara Watts,Headphones,Audio,1374.96,Osaka,Kansai,2026-02-18 22:52:24
759,Brian Dean,Headphones,Audio,90.91,Nagoya,Chubu,2026-02-12 01:22:08
760,Mark Wolfe,Headphones,Audio,602.08,Tokyo,Kanto,2026-02-05 17:28:25
761,Angela Wilcox,Monitor,Electronics,436.6,Osaka,Kansai,2026-02-16 06:57:41
762,Janet Hernandez,Laptop,Electronics,780.9,Osaka,Kansai,2026-02-14 18:30:22
763,Joann Fox,Headphones,Audio,435.65,Fukuoka,Kyushu,2026-01-23 04:47:21
764,Deanna Short,Keyboard,Accessories,1462.88,Nagoya,Chubu,2026-02-14 14:47:14
765,Gail Price,Laptop,Electronics,598.5,Sapporo,Hokkaido,2026-02-13 22:36:04
766,Linda Russo,Headphones,Audio,716.98,Fukuoka,Kyushu,2026-02-20 11:49:01
767,Timothy Mays,Keyboard,Accessories,327.37,Osaka,Kansai,2026-02-12 17:17:01
768,Rebecca Williams,Laptop,Electronics,654.75,Fukuoka,Kyushu,2026-02-11 03:31:31
769,Ryan Pitts,Laptop,Electronics,1413.77,Sapporo,Hokkaido,2026-01-31 15:53:15
770,Samuel Moore,Phone,Electronics,713.22,Nagoya,Chubu,2026-02-15 03:17:52
771,Leah Chavez,Laptop,Electronics,318.14,Sapporo,Hokkaido,2026-01-23 17:24:21
772,Sean Gardner,Monitor,Electronics,832.46,Fukuoka,Kyushu,2026-02-17 06:50:01
773,John Edwards,Laptop,Electronics,525.51,Osaka,Kansai,2026-02-09 13:03:58
774,Debbie Shaw,Monitor,Electronics,62.3,Osaka,Kansai,2026-01-31 19:32:10
775,Brian Patel,Monitor,Electronics,433.48,Osaka,Kansai,2026-02-17 09:51:51
776,Jennifer Rojas,Headphones,Audio,575.45,Fukuoka,Kyushu,2026-02-11 08:02:44
777,William Young,Phone,Electronics,415.74,Nagoya,Chubu,2026-02-20 18:57:53
778,James Austin,Monitor,Electronics,921.09,Sapporo,Hokkaido,2026-02-18 22:12:14
779,Peter Henry,Monitor,Electronics,120.25,Nagoya,Chubu,2026-02-14 01:19:50
780,Crystal Austin,Laptop,Electronics,544.92,Osaka,Kansai,2026-02-12 14:39:34
781,Savannah Bradley DDS,Phone,Electronics,1033.66,Tokyo,Kanto,2026-02-19 23:22:25
782,Patrick Pollard,Monitor,Electronics,828.61,Nagoya,Chubu,2026-02-15 19:55:21
783,Anna Mcintyre,Phone,Electronics,1419.87,Sapporo,Hokkaido,2026-01-30 16:02:23
784,Christopher Smith,Monitor,Electronics,1318.39,Nagoya,Chubu,2026-01-31 18:31:36
785,Michael Bowen,Laptop,Electronics,1383.44,Fukuoka,Kyushu,2026-02-09 13:29:37
786,James Mercado,Laptop,Electronics,864.82,Fukuoka,Kyushu,2026-01-28 21:05:08
787,Peter Smith,Keyboard,Accessories,897.88,Sapporo,Hokkaido,2026-02-08 13:14:12
788,Rebecca Williams,Headphones,Audio,520.43,Tokyo,Kanto,2026-01-23 13:32:35
789,Andre Henderson,Laptop,Electronics,1108.61,Tokyo,Kanto,2026-02-13 01:08:22
790,Ryan English,Keyboard,Accessories,720.06,Nagoya,Chubu,2026-01-23 14:52:12
791,William Tucker,Keyboard,Accessories,1127.84,Tokyo,Kanto,2026-02-07 21:19:00
792,Ricky Wilson,Headphones,Audio,1170.32,Tokyo,Kanto,2026-01-31 07:10:50
793,Natalie Bullock,Phone,Electronics,780.53,Nagoya,Chubu,2026-01-22 19:47:19
794,Tracy Willis,Phone,Electronics,810.78,Sapporo,Hokkaido,2026-01-23 21:33:04
795,Jennifer Rose,Headphones,Audio,1114.39,Sapporo,Hokkaido,2026-01-28 13:50:31
796,Valerie Gates DVM,Laptop,Electronics,1486.48,Osaka,Kansai,2026-01-22 12:19:45
797,Cassandra Watson,Monitor,Electronics,743.11,Tokyo,Kanto,2026-02-02 03:20:38
798,James Garcia,Phone,Electronics,1086.67,Sapporo,Hokkaido,2026-01-22 19:46:40
799,Brittney Hubbard,Keyboard,Accessories,522.51,Sapporo,Hokkaido,2026-02-06 23:05:26
800,Denise Ortiz,Phone,Electronics,1473.36,Fukuoka,Kyushu,2026-02-14 11:16:42
801,Stephanie Douglas,Monitor,Electronics,1379.71,Nagoya,Chubu,2026-02-08 14:15:59
802,Ashley Waller,Phone,Electronics,777.13,Tokyo,Kanto,2026-01-22 17:38:05
803,Maureen Dixon,Keyboard,Accessories,80.07,Fukuoka,Kyushu,2026-02-05 19:04:02
804,Brian Schaefer,Keyboard,Accessories,456.16,Sapporo,Hokkaido,2026-02-01 08:03:37
805,Gregory Reed,Headphones,Audio,766.61,Osaka,Kansai,2026-01-28 22:05:22
806,Nicholas Farmer,Laptop,Electronics,113.28,Osaka,Kansai,2026-02-08 14:59:38
807,Alexander Cole,Headphones,Audio,745.38,Fukuoka,Kyushu,2026-02-03 23:14:02
808,Dominique Ferguson,Headphones,Audio,1498.87,Nagoya,Chubu,2026-02-17 07:50:31
809,Debbie Ingram,Keyboard,Accessories,1234.79,Osaka,Kansai,2026-01-26 10:19:18
810,Amy Lam,Laptop,Electronics,1262.87,Fukuoka,Kyushu,2026-02-11 22:37:22
811,Nicholas Gutierrez,Headphones,Audio,524.65,Sapporo,Hokkaido,2026-02-19 17:05:10
812,Melissa Case,Phone,Electronics,185.42,Nagoya,Chubu,2026-01-27 15:57:11
813,Geoffrey Banks,Keyboard,Accessories,313.52,Tokyo,Kanto,2026-02-08 14:22:01
814,Logan Morris,Laptop,Electronics,1469.31,Nagoya,Chubu,2026-02-21 11:27:29
815,Paul Freeman,Headphones,Audio,1025.55,Tokyo,Kanto,2026-02-06 21:37:09
816,Christine Morris,Monitor,Electronics,1322.58,Nagoya,Chubu,2026-02-03 19:17:58
817,John Walters,Headphones,Audio,960.05,Sapporo,Hokkaido,2026-02-20 15:19:13
818,Mariah Pugh,Headphones,Audio,1347.34,Osaka,Kansai,2026-02-18 06:51:48
819,Todd Nicholson,Phone,Electronics,1239.96,Tokyo,Kanto,2026-02-06 07:05:36
820,Thomas Pena,Keyboard,Accessories,782.26,Osaka,Kansai,2026-01-31 22:50:54
821,Michelle Andersen,Monitor,Electronics,157.8,Fukuoka,Kyushu,2026-01-30 10:40:25
822,Bill Lopez,Headphones,Audio,590.74,Sapporo,Hokkaido,2026-02-01 12:54:48
823,Jeffrey Ford,Phone,Electronics,638.92,Nagoya,Chubu,2026-01-28 04:38:23
824,Elizabeth Davis,Phone,Electronics,786.38,Nagoya,Chubu,2026-02-12 11:37:09
825,Lauren Smith,Laptop,Electronics,279.64,Osaka,Kansai,2026-02-05 14:27:28
826,Carolyn Peters,Headphones,Audio,553.17,Tokyo,Kanto,2026-02-20 20:13:06
827,James Hernandez,Laptop,Electronics,138.14,Tokyo,Kanto,2026-02-14 10:53:25
828,Corey Ortega,Monitor,Electronics,606.03,Osaka,Kansai,2026-02-17 05:19:08
829,Jessica Skinner,Headphones,Audio,1006.51,Tokyo,Kanto,2026-02-07 03:50:39
830,Emily Gonzalez,Laptop,Electronics,626.18,Sapporo,Hokkaido,2026-01-27 00:28:08
831,Desiree Neal,Phone,Electronics,1233.64,Sapporo,Hokkaido,2026-01-27 13:58:30
832,Lisa Knapp,Phone,Electronics,226.33,Sapporo,Hokkaido,2026-02-09 01:15:57
833,Christopher Barajas,Laptop,Electronics,1499.72,Nagoya,Chubu,2026-01-29 14:50:52
834,Victoria Decker,Keyboard,Accessories,913.86,Nagoya,Chubu,2026-02-15 17:38:13
835,Christopher Hughes MD,Laptop,Electronics,308.94,Osaka,Kansai,2026-02-21 01:08:48
836,Danielle Lloyd,Keyboard,Accessories,1457.9,Nagoya,Chubu,2026-02-04 00:03:22
837,Charles Gregory,Phone,Electronics,1025.19,Sapporo,Hokkaido,2026-02-05 12:33:26
838,Ruth Rice,Headphones,Audio,182.32,Fukuoka,Kyushu,2026-02-01 23:46:09
839,Derek Taylor,Keyboard,Accessories,607.4,Tokyo,Kanto,2026-02-02 19:00:31
840,Chad Wright,Monitor,Electronics,1197.73,Osaka,Kansai,2026-02-08 12:45:53
841,Erin Porter,Phone,Electronics,1419.82,Tokyo,Kanto,2026-01-25 14:09:43
842,Christopher Lee,Headphones,Audio,1189.78,Nagoya,Chubu,2026-02-16 03:03:18
843,David Bailey,Laptop,Electronics,1004.27,Fukuoka,Kyushu,2026-01-31 16:34:49
844,Norma Deleon,Keyboard,Accessories,1394.7,Fukuoka,Kyushu,2026-02-11 19:05:00
845,Jonathan Meyers,Laptop,Electronics,572.68,Sapporo,Hokkaido,2026-02-05 03:10:25
846,Patricia Martinez,Monitor,Electronics,356.85,Tokyo,Kanto,2026-02-19 04:41:46
847,Eric Smith,Phone,Electronics,533.23,Nagoya,Chubu,2026-02-15 21:50:30
848,Roy Sanchez,Keyboard,Accessories,1246.58,Sapporo,Hokkaido,2026-02-05 01:03:58
849,Isabella Walker,Monitor,Electronics,182.69,Osaka,Kansai,2026-01-26 21:19:41
850,Autumn Santiago,Laptop,Electronics,713.63,Sapporo,Hokkaido,2026-02-17 09:26:46
851,Charles Davis,Monitor,Electronics,178.21,Sapporo,Hokkaido,2026-01-23 15:07:48
852,Sarah Garcia,Keyboard,Accessories,546.63,Fukuoka,Kyushu,2026-02-04 11:37:07
853,Kristi Andersen,Monitor,Electronics,797.94,Tokyo,Kanto,2026-02-06 02:46:57
854,John Kirk,Keyboard,Accessories,330.47,Tokyo,Kanto,2026-02-08 01:30:00
855,Jose Holland,Laptop,Electronics,197.42,Osaka,Kansai,2026-01-27 23:25:16
856,Patricia Randolph,Keyboard,Accessories,926.25,Tokyo,Kanto,2026-01-26 17:45:46
857,Vincent Hill,Headphones,Audio,738.6,Sapporo,Hokkaido,2026-02-20 12:46:15
858,Megan Ross,Keyboard,Accessories,768.9,Tokyo,Kanto,2026-02-04 02:43:16
859,Keith Campbell,Headphones,Audio,1108.47,Fukuoka,Kyushu,2026-01-25 13:45:49
860,Tracy Valdez,Phone,Electronics,12.21,Fukuoka,Kyushu,2026-02-14 02:25:13
861,Jessica Williams,Keyboard,Accessories,558.21,Tokyo,Kanto,2026-02-20 16:35:02
862,Stephen Johnson,Phone,Electronics,967.68,Sapporo,Hokkaido,2026-02-07 11:15:24
863,Charlotte Mitchell,Monitor,Electronics,1369.06,Osaka,Kansai,2026-02-20 16:41:59
864,James Simon,Keyboard,Accessories,1233.22,Nagoya,Chubu,2026-02-06 18:11:00
865,Heather Buchanan,Laptop,Electronics,1422.66,Nagoya,Chubu,2026-02-02 03:02:38
866,William Lee,Phone,Electronics,999.14,Nagoya,Chubu,2026-02-04 14:45:26
867,Amanda Andrews,Phone,Electronics,954.32,Nagoya,Chubu,2026-01-30 18:55:47
868,Tammy Sims,Keyboard,Accessories,860.52,Nagoya,Chubu,2026-01-23 02:33:25
869,Ronald Moore,Monitor,Electronics,764.21,Fukuoka,Kyushu,2026-02-05 22:49:46
870,Elizabeth Palmer,Keyboard,Accessories,108.32,Tokyo,Kanto,2026-02-09 10:12:48
871,Jeremy Jennings,Laptop,Electronics,530.2,Tokyo,Kanto,2026-02-19 23:24:34
872,Janet Long,Laptop,Electronics,771.86,Sapporo,Hokkaido,2026-01-25 12:12:41
873,Catherine Johnson,Keyboard,Accessories,120.58,Nagoya,Chubu,2026-01-23 16:07:59
874,Caroline Montgomery,Monitor,Electronics,642.72,Tokyo,Kanto,2026-01-31 07:34:16
875,Michelle Cole,Laptop,Electronics,1415.38,Nagoya,Chubu,2026-01-22 19:38:29
876,Tiffany Valdez,Headphones,Audio,1060.26,Nagoya,Chubu,2026-02-12 18:36:11
877,Cindy James,Laptop,Electronics,1404.59,Nagoya,Chubu,2026-01-28 18:56:37
878,Mr. Derek Miller,Headphones,Audio,1274.11,Sapporo,Hokkaido,2026-01-31 10:30:12
879,Gary Ellis,Monitor,Electronics,536.11,Sapporo,Hokkaido,2026-02-09 03:25:45
880,Heather Baxter,Monitor,Electronics,1055.82,Nagoya,Chubu,2026-01-27 04:48:11
881,Joshua Morgan,Headphones,Audio,1069.05,Tokyo,Kanto,2026-02-04 20:58:45
882,Sean White,Phone,Electronics,1482.58,Tokyo,Kanto,2026-02-01 10:22:22
883,Devin Brown,Monitor,Electronics,1436.46,Fukuoka,Kyushu,2026-02-12 14:28:39
884,Vincent Carrillo,Keyboard,Accessories,915.24,Osaka,Kansai,2026-02-15 01:06:50
885,Samantha Sutton DDS,Headphones,Audio,1232.05,Sapporo,Hokkaido,2026-02-08 09:12:48
886,Thomas Trevino,Keyboard,Accessories,1453.38,Sapporo,Hokkaido,2026-01-28 10:04:54
887,Michele Hernandez,Laptop,Electronics,1185.12,Tokyo,Kanto,2026-02-13 10:15:58
888,Brian Collins,Keyboard,Accessories,1175.9,Osaka,Kansai,2026-02-16 21:43:10
889,Mrs. Margaret Harper,Headphones,Audio,710.57,Nagoya,Chubu,2026-02-20 00:16:57
890,Mark Farrell,Headphones,Audio,228.07,Tokyo,Kanto,2026-02-10 12:02:49
891,Travis Lambert,Laptop,Electronics,904.96,Nagoya,Chubu,2026-01-23 09:27:08
892,Jeffery Kirby,Phone,Electronics,1273.17,Nagoya,Chubu,2026-02-11 14:21:52
893,Kevin Johnson,Phone,Electronics,1062.55,Nagoya,Chubu,2026-01-29 09:21:29
894,Mr. Adam Barajas MD,Monitor,Electronics,541.12,Fukuoka,Kyushu,2026-02-18 02:34:57
895,James Russell,Laptop,Electronics,691.6,Osaka,Kansai,2026-02-17 11:40:59
896,Lee Glass,Keyboard,Accessories,1029.86,Fukuoka,Kyushu,2026-01-26 14:15:02
897,Isaiah Ryan,Headphones,Audio,13.83,Nagoya,Chubu,2026-02-16 19:14:19
898,Bobby Ford,Monitor,Electronics,1384.41,Tokyo,Kanto,2026-02-15 03:07:15
899,Katherine Pratt,Monitor,Electronics,1006.87,Tokyo,Kanto,2026-02-02 03:19:08
900,Tyler Jones,Monitor,Electronics,671.57,Sapporo,Hokkaido,2026-01-25 19:16:47
901,Emily Schultz,Laptop,Electronics,558.53,Sapporo,Hokkaido,2026-01-28 23:58:38
902,Rebekah Jones,Laptop,Electronics,1390.58,Tokyo,Kanto,2026-01-24 09:15:29
903,Adam Nelson,Keyboard,Accessories,578.15,Osaka,Kansai,2026-02-18 04:49:36
904,Anthony Oneal,Laptop,Electronics,368.17,Tokyo,Kanto,2026-02-08 07:22:23
905,Elizabeth Caldwell,Phone,Electronics,908.97,Sapporo,Hokkaido,2026-01-27 07:26:08
906,Melissa Humphrey,Monitor,Electronics,709.55,Osaka,Kansai,2026-01-23 14:15:43
907,Phyllis Smith,Laptop,Electronics,438.98,Osaka,Kansai,2026-02-18 13:38:21
908,Linda Pierce,Monitor,Electronics,258.26,Tokyo,Kanto,2026-02-02 05:20:31
909,Stephanie Hale,Phone,Electronics,626.8,Osaka,Kansai,2026-02-10 09:19:35
910,Danielle Bishop,Keyboard,Accessories,1104.4,Osaka,Kansai,2026-01-31 20:31:58
911,Joseph Moran,Monitor,Electronics,721.64,Nagoya,Chubu,2026-02-10 18:11:17
912,Mary Clayton,Phone,Electronics,83.47,Nagoya,Chubu,2026-01-31 00:05:23
913,Brenda Gay,Laptop,Electronics,586.88,Sapporo,Hokkaido,2026-02-11 02:45:56
914,Eric Morris,Keyboard,Accessories,185.36,Sapporo,Hokkaido,2026-01-25 19:55:43
915,Lisa Reed,Laptop,Electronics,725.78,Fukuoka,Kyushu,2026-02-04 08:44:58
916,Karen Soto,Phone,Electronics,925.18,Fukuoka,Kyushu,2026-02-12 01:45:52
917,Jorge Holmes,Monitor,Electronics,930.2,Tokyo,Kanto,2026-02-06 05:37:17
918,William Clark,Keyboard,Accessories,1047.64,Sapporo,Hokkaido,2026-02-03 06:17:31
919,Carly Lawrence,Keyboard,Accessories,1281.29,Tokyo,Kanto,2026-01-28 22:07:21
920,Dean Banks,Phone,Electronics,664.09,Osaka,Kansai,2026-01-31 11:19:17
921,Brandon Mays,Phone,Electronics,289.62,Osaka,Kansai,2026-02-17 11:31:20
922,George Green,Laptop,Electronics,1293.17,Osaka,Kansai,2026-02-04 10:00:51
923,Eric Sherman,Headphones,Audio,583.63,Sapporo,Hokkaido,2026-02-16 23:33:11
924,Heather Ryan,Laptop,Electronics,1024.34,Fukuoka,Kyushu,2026-01-30 20:56:57
925,Brenda Elliott,Keyboard,Accessories,232.02,Nagoya,Chubu,2026-02-15 14:27:41
926,Troy Mason,Phone,Electronics,268.58,Sapporo,Hokkaido,2026-02-06 23:54:37
927,Heidi Robertson,Monitor,Electronics,179.48,Sapporo,Hokkaido,2026-01-29 13:46:40
928,Walter Hayes,Monitor,Electronics,856.65,Tokyo,Kanto,2026-02-19 08:16:59
929,Brenda Patel,Monitor,Electronics,644.56,Sapporo,Hokkaido,2026-02-02 14:51:40
930,John Williamson,Phone,Electronics,1452.6,Sapporo,Hokkaido,2026-02-08 23:12:58
931,Douglas Smith,Laptop,Electronics,1473.48,Nagoya,Chubu,2026-02-17 08:55:12
932,Shannon Singh,Phone,Electronics,197.38,Sapporo,Hokkaido,2026-02-16 09:55:40
933,Christina Robinson,Keyboard,Accessories,1413.07,Fukuoka,Kyushu,2026-01-31 02:58:04
934,Dr. Michael Mitchell,Keyboard,Accessories,845.59,Nagoya,Chubu,2026-02-14 07:56:18
935,Debra Rogers,Monitor,Electronics,1365.43,Nagoya,Chubu,2026-02-01 16:00:09
936,Jesse Roberts,Phone,Electronics,620.4,Tokyo,Kanto,2026-01-22 23:38:34
937,Candice Garcia,Headphones,Audio,536.17,Nagoya,Chubu,2026-02-06 05:40:51
938,Albert Phillips,Laptop,Electronics,955.66,Sapporo,Hokkaido,2026-02-16 13:29:37
939,Robert Allen,Monitor,Electronics,1309.63,Sapporo,Hokkaido,2026-02-10 12:26:30
940,James Mason,Headphones,Audio,788.61,Fukuoka,Kyushu,2026-02-03 01:23:26
941,Michael Lynch,Monitor,Electronics,638.22,Sapporo,Hokkaido,2026-02-04 06:03:34
942,Peggy Hopkins,Keyboard,Accessories,1206.88,Nagoya,Chubu,2026-02-09 09:31:50
943,Mr. Christopher Lewis,Phone,Electronics,811.99,Fukuoka,Kyushu,2026-02-14 06:22:23
944,Rhonda Williamson,Laptop,Electronics,673.73,Sapporo,Hokkaido,2026-01-26 17:17:32
945,Laura Chapman,Keyboard,Accessories,55.97,Osaka,Kansai,2026-02-04 06:56:20
946,Matthew Wood,Keyboard,Accessories,391.75,Nagoya,Chubu,2026-02-17 12:06:03
947,Lynn Macdonald,Monitor,Electronics,304.71,Sapporo,Hokkaido,2026-02-12 05:44:24
948,Richard Larsen,Laptop,Electronics,76.49,Sapporo,Hokkaido,2026-02-20 09:07:55
949,Julie Chandler,Laptop,Electronics,861.7,Tokyo,Kanto,2026-02-20 17:47:59
950,Joel Barker,Headphones,Audio,981.96,Fukuoka,Kyushu,2026-02-11 20:29:44
951,John Hickman,Keyboard,Accessories,1267.52,Osaka,Kansai,2026-02-16 11:25:01
952,Jacob James,Monitor,Electronics,1104.56,Sapporo,Hokkaido,2026-02-02 06:40:32
953,Yolanda Reed,Phone,Electronics,1310.9,Tokyo,Kanto,2026-01-27 18:49:23
954,Jerry Barrett,Phone,Electronics,1253.51,Fukuoka,Kyushu,2026-02-16 05:14:19
955,Mary Rose,Laptop,Electronics,348.85,Sapporo,Hokkaido,2026-02-08 11:12:39
956,Joseph Castillo,Monitor,Electronics,450.62,Osaka,Kansai,2026-02-04 03:42:35
957,Kaitlin Smith,Laptop,Electronics,360.9,Osaka,Kansai,2026-02-21 04:18:01
958,Annette Figueroa,Monitor,Electronics,1386.62,Nagoya,Chubu,2026-01-31 12:35:13
959,Thomas Bennett,Laptop,Electronics,1380.08,Nagoya,Chubu,2026-02-13 17:00:28
960,Barbara Moore,Monitor,Electronics,1189.85,Nagoya,Chubu,2026-01-27 13:06:34
961,Bruce Johnson,Phone,Electronics,496.83,Fukuoka,Kyushu,2026-02-16 21:37:01
962,Travis Jenkins,Keyboard,Accessories,1133.41,Osaka,Kansai,2026-02-10 12:36:42
963,Frank Barrett,Headphones,Audio,1096.25,Osaka,Kansai,2026-02-12 14:50:32
964,David Wagner,Phone,Electronics,1108.32,Nagoya,Chubu,2026-02-16 10:10:59
965,Denise Ellison,Monitor,Electronics,945.51,Fukuoka,Kyushu,2026-02-16 21:10:42
966,Dennis Mccullough,Phone,Electronics,1081.23,Osaka,Kansai,2026-01-26 09:06:57
967,Donald Logan,Monitor,Electronics,1119.23,Fukuoka,Kyushu,2026-01-23 23:17:11
968,Jesse Robles,Monitor,Electronics,1080.46,Fukuoka,Kyushu,2026-02-20 21:36:36
969,Thomas Mendez,Laptop,Electronics,983.94,Nagoya,Chubu,2026-02-14 09:47:55
970,Sandra Jones,Keyboard,Accessories,479.43,Osaka,Kansai,2026-01-24 10:08:40
971,James Meza,Monitor,Electronics,69.41,Tokyo,Kanto,2026-02-09 03:02:37
972,Brandon Griffin,Headphones,Audio,1197.02,Sapporo,Hokkaido,2026-02-19 21:09:43
973,Helen Adams,Headphones,Audio,1433.8,Sapporo,Hokkaido,2026-02-21 06:55:02
974,Eric Valenzuela,Monitor,Electronics,313.19,Osaka,Kansai,2026-01-26 16:38:24
975,Frances Porter,Phone,Electronics,485.81,Fukuoka,Kyushu,2026-02-16 07:42:32
976,Jennifer Hawkins MD,Monitor,Electronics,236.79,Sapporo,Hokkaido,2026-01-31 16:40:00
977,Taylor Morales,Phone,Electronics,957.49,Sapporo,Hokkaido,2026-02-15 22:53:50
978,Brandon Ramirez,Phone,Electronics,1008.67,Sapporo,Hokkaido,2026-02-08 21:47:07
979,Melissa Long,Monitor,Electronics,960.83,Osaka,Kansai,2026-02-18 23:01:11
980,Emily Fox,Laptop,Electronics,1023.57,Tokyo,Kanto,2026-01-24 01:56:38
981,Bailey Strickland,Headphones,Audio,304.09,Tokyo,Kanto,2026-02-15 22:33:09
982,Grant Castillo,Headphones,Audio,1245.24,Nagoya,Chubu,2026-02-19 00:41:56
983,Jason Cole,Phone,Electronics,170.64,Sapporo,Hokkaido,2026-02-18 07:14:14
984,Ryan Brown,Monitor,Electronics,243.12,Osaka,Kansai,2026-02-06 19:47:20
985,Micheal Lynn,Laptop,Electronics,1394.85,Fukuoka,Kyushu,2026-02-12 00:37:18
986,Scott Cooper,Keyboard,Accessories,30.69,Tokyo,Kanto,2026-01-26 10:51:53
987,Angela Butler,Phone,Electronics,261.27,Osaka,Kansai,2026-02-13 01:29:29
988,James Reyes,Phone,Electronics,539.13,Sapporo,Hokkaido,2026-01-23 23:25:23
989,Shannon Mcclain,Laptop,Electronics,347.74,Fukuoka,Kyushu,2026-01-26 00:58:53
990,Emma Smith,Phone,Electronics,213.93,Tokyo,Kanto,2026-02-03 21:49:26
991,Joseph Gibson,Keyboard,Accessories,217.23,Fukuoka,Kyushu,2026-01-26 08:04:02
992,Wayne Lang,Monitor,Electronics,1220.95,Fukuoka,Kyushu,2026-01-23 18:27:44
993,Christopher Tapia,Keyboard,Accessories,825.36,Nagoya,Chubu,2026-02-17 18:50:48
994,Joseph Krause,Headphones,Audio,98.51,Osaka,Kansai,2026-01-25 01:33:31
995,Tami Goodwin,Keyboard,Accessories,783.27,Nagoya,Chubu,2026-01-31 18:21:31
996,Charles Jones,Phone,Electronics,489.56,Tokyo,Kanto,2026-02-17 09:42:14
997,Linda Hicks,Laptop,Electronics,812.82,Nagoya,Chubu,2026-01-24 05:13:21
998,Adam Perez,Phone,Electronics,681.23,Fukuoka,Kyushu,2026-01-25 19:47:13
999,Daniel Carroll,Headphones,Audio,311.83,Tokyo,Kanto,2026-02-20 03:36:56
1000,Beth Vargas,Monitor,Electronics,205.84,Sapporo,Hokkaido,2026-02-20 19:38:37
